Time of A;Time minus avg Time of A;Time of B;Time minus avg Time of B;Avg time of A & B;Payment A;Payment B;Fact.A Time of A;Fact.A Time minus avg Time of A;Fact.A Time of B;Fact.A Time minus avg Time of B;Fact.A Avg time of A & B;Fact.A Payment A;Fact.A Payment B;Fact.B Time of A;Fact.B Time minus avg Time of A;Fact.B Time of B;Fact.B Time minus avg Time of B;Fact.B Avg time of A & B;Fact.B Payment A;Fact.B Payment B
1697.0;-1034.0;7410.0;313.0;-360.5;673.5;-673.5;1697000.0;1694269.0;7410.0;313.0;847291.0;-846978.0;846978.0;1697.0;-1034.0;7410000.0;7402903.0;3700934.5;3701968.5;-3701968.5
1784.0;-947.0;7349.0;252.0;-347.5;599.5;-599.5;1784000.0;1781269.0;7349.0;252.0;890760.5;-890508.5;890508.5;1784.0;-947.0;7349000.0;7341903.0;3670478.0;3671425.0;-3671425.0
5025.0;2294.0;6499.0;-598.0;848.0;-1446.0;1446.0;5025000.0;5022269.0;6499.0;-598.0;2510835.5;-2511433.5;2511433.5;5025.0;2294.0;6499000.0;6491903.0;3247098.5;3244804.5;-3244804.5
1398.0;-1333.0;7805.0;708.0;-312.5;1020.5;-1020.5;1398000.0;1395269.0;7805.0;708.0;697988.5;-697280.5;697280.5;1398.0;-1333.0;7805000.0;7797903.0;3898285.0;3899618.0;-3899618.0
2168.0;-563.0;7090.0;-7.0;-285.0;278.0;-278.0;2168000.0;2165269.0;7090.0;-7.0;1082631.0;-1082638.0;1082638.0;2168.0;-563.0;7090000.0;7082903.0;3541170.0;3541733.0;-3541733.0
1994.0;-737.0;7197.0;100.0;-318.5;418.5;-418.5;1994000.0;1991269.0;7197.0;100.0;995684.5;-995584.5;995584.5;1994.0;-737.0;7197000.0;7189903.0;3594583.0;3595320.0;-3595320.0
1549.0;-1182.0;7584.0;487.0;-347.5;834.5;-834.5;1549000.0;1546269.0;7584.0;487.0;773378.0;-772891.0;772891.0;1549.0;-1182.0;7584000.0;7576903.0;3787860.5;3789042.5;-3789042.5
3119.0;388.0;6774.0;-323.0;32.5;-355.5;355.5;3119000.0;3116269.0;6774.0;-323.0;1557973.0;-1558296.0;1558296.0;3119.0;388.0;6774000.0;6766903.0;3383645.5;3383257.5;-3383257.5
2855.0;124.0;6832.0;-265.0;-70.5;-194.5;194.5;2855000.0;2852269.0;6832.0;-265.0;1426002.0;-1426267.0;1426267.0;2855.0;124.0;6832000.0;6824903.0;3412513.5;3412389.5;-3412389.5
5085.0;2354.0;6490.0;-607.0;873.5;-1480.5;1480.5;5085000.0;5082269.0;6490.0;-607.0;2540831.0;-2541438.0;2541438.0;5085.0;2354.0;6490000.0;6482903.0;3242628.5;3240274.5;-3240274.5
3175.0;444.0;6761.0;-336.0;54.0;-390.0;390.0;3175000.0;3172269.0;6761.0;-336.0;1585966.5;-1586302.5;1586302.5;3175.0;444.0;6761000.0;6753903.0;3377173.5;3376729.5;-3376729.5
1243.0;-1488.0;8164.0;1067.0;-210.5;1277.5;-1277.5;1243000.0;1240269.0;8164.0;1067.0;620668.0;-619601.0;619601.0;1243.0;-1488.0;8164000.0;8156903.0;4077707.5;4079195.5;-4079195.5
1806.0;-925.0;7320.0;223.0;-351.0;574.0;-574.0;1806000.0;1803269.0;7320.0;223.0;901746.0;-901523.0;901523.0;1806.0;-925.0;7320000.0;7312903.0;3655989.0;3656914.0;-3656914.0
2260.0;-471.0;7046.0;-51.0;-261.0;210.0;-210.0;2260000.0;2257269.0;7046.0;-51.0;1128609.0;-1128660.0;1128660.0;2260.0;-471.0;7046000.0;7038903.0;3519216.0;3519687.0;-3519687.0
2427.0;-304.0;6979.0;-118.0;-211.0;93.0;-93.0;2427000.0;2424269.0;6979.0;-118.0;1212075.5;-1212193.5;1212193.5;2427.0;-304.0;6979000.0;6971903.0;3485799.5;3486103.5;-3486103.5
1427.0;-1304.0;7773.0;676.0;-314.0;990.0;-990.0;1427000.0;1424269.0;7773.0;676.0;712472.5;-711796.5;711796.5;1427.0;-1304.0;7773000.0;7765903.0;3882299.5;3883603.5;-3883603.5
1859.0;-872.0;7287.0;190.0;-341.0;531.0;-531.0;1859000.0;1856269.0;7287.0;190.0;928229.5;-928039.5;928039.5;1859.0;-872.0;7287000.0;7279903.0;3639515.5;3640387.5;-3640387.5
4643.0;1912.0;6545.0;-552.0;680.0;-1232.0;1232.0;4643000.0;4640269.0;6545.0;-552.0;2319858.5;-2320410.5;2320410.5;4643.0;1912.0;6545000.0;6537903.0;3269907.5;3267995.5;-3267995.5
2931.0;200.0;6822.0;-275.0;-37.5;-237.5;237.5;2931000.0;2928269.0;6822.0;-275.0;1463997.0;-1464272.0;1464272.0;2931.0;200.0;6822000.0;6814903.0;3407551.5;3407351.5;-3407351.5
3029.0;298.0;6796.0;-301.0;-1.5;-299.5;299.5;3029000.0;3026269.0;6796.0;-301.0;1512984.0;-1513285.0;1513285.0;3029.0;298.0;6796000.0;6788903.0;3394600.5;3394302.5;-3394302.5
4491.0;1760.0;6556.0;-541.0;609.5;-1150.5;1150.5;4491000.0;4488269.0;6556.0;-541.0;2243864.0;-2244405.0;2244405.0;4491.0;1760.0;6556000.0;6548903.0;3275331.5;3273571.5;-3273571.5
2134.0;-597.0;7119.0;22.0;-287.5;309.5;-309.5;2134000.0;2131269.0;7119.0;22.0;1065645.5;-1065623.5;1065623.5;2134.0;-597.0;7119000.0;7111903.0;3555653.0;3556250.0;-3556250.0
5254.0;2523.0;6478.0;-619.0;952.0;-1571.0;1571.0;5254000.0;5251269.0;6478.0;-619.0;2625325.0;-2625944.0;2625944.0;5254.0;2523.0;6478000.0;6470903.0;3236713.0;3234190.0;-3234190.0
4341.0;1610.0;6579.0;-518.0;546.0;-1064.0;1064.0;4341000.0;4338269.0;6579.0;-518.0;2168875.5;-2169393.5;2169393.5;4341.0;1610.0;6579000.0;6571903.0;3286756.5;3285146.5;-3285146.5
1636.0;-1095.0;7472.0;375.0;-360.0;735.0;-735.0;1636000.0;1633269.0;7472.0;375.0;816822.0;-816447.0;816447.0;1636.0;-1095.0;7472000.0;7464903.0;3731904.0;3732999.0;-3732999.0
2868.0;137.0;6830.0;-267.0;-65.0;-202.0;202.0;2868000.0;2865269.0;6830.0;-267.0;1432501.0;-1432768.0;1432768.0;2868.0;137.0;6830000.0;6822903.0;3411520.0;3411383.0;-3411383.0
1586.0;-1145.0;7545.0;448.0;-348.5;796.5;-796.5;1586000.0;1583269.0;7545.0;448.0;791858.5;-791410.5;791410.5;1586.0;-1145.0;7545000.0;7537903.0;3768379.0;3769524.0;-3769524.0
3002.0;271.0;6804.0;-293.0;-11.0;-282.0;282.0;3002000.0;2999269.0;6804.0;-293.0;1499488.0;-1499781.0;1499781.0;3002.0;271.0;6804000.0;6796903.0;3398587.0;3398316.0;-3398316.0
1831.0;-900.0;7303.0;206.0;-347.0;553.0;-553.0;1831000.0;1828269.0;7303.0;206.0;914237.5;-914031.5;914031.5;1831.0;-900.0;7303000.0;7295903.0;3647501.5;3648401.5;-3648401.5
1337.0;-1394.0;7897.0;800.0;-297.0;1097.0;-1097.0;1337000.0;1334269.0;7897.0;800.0;667534.5;-666734.5;666734.5;1337.0;-1394.0;7897000.0;7889903.0;3944254.5;3945648.5;-3945648.5
1257.0;-1474.0;8091.0;994.0;-240.0;1234.0;-1234.0;1257000.0;1254269.0;8091.0;994.0;627631.5;-626637.5;626637.5;1257.0;-1474.0;8091000.0;8083903.0;4041214.5;4042688.5;-4042688.5
3078.0;347.0;6783.0;-314.0;16.5;-330.5;330.5;3078000.0;3075269.0;6783.0;-314.0;1537477.5;-1537791.5;1537791.5;3078.0;347.0;6783000.0;6775903.0;3388125.0;3387778.0;-3387778.0
1306.0;-1425.0;8005.0;908.0;-258.5;1166.5;-1166.5;1306000.0;1303269.0;8005.0;908.0;652088.5;-651180.5;651180.5;1306.0;-1425.0;8005000.0;7997903.0;3998239.0;3999664.0;-3999664.0
3084.0;353.0;6779.0;-318.0;17.5;-335.5;335.5;3084000.0;3081269.0;6779.0;-318.0;1540475.5;-1540793.5;1540793.5;3084.0;353.0;6779000.0;6771903.0;3386128.0;3385775.0;-3385775.0
1226.0;-1505.0;8194.0;1097.0;-204.0;1301.0;-1301.0;1226000.0;1223269.0;8194.0;1097.0;612183.0;-611086.0;611086.0;1226.0;-1505.0;8194000.0;8186903.0;4092699.0;4094204.0;-4094204.0
1860.0;-871.0;7280.0;183.0;-344.0;527.0;-527.0;1860000.0;1857269.0;7280.0;183.0;928726.0;-928543.0;928543.0;1860.0;-871.0;7280000.0;7272903.0;3636016.0;3636887.0;-3636887.0
4755.0;2024.0;6531.0;-566.0;729.0;-1295.0;1295.0;4755000.0;4752269.0;6531.0;-566.0;2375851.5;-2376417.5;2376417.5;4755.0;2024.0;6531000.0;6523903.0;3262963.5;3260939.5;-3260939.5
1916.0;-815.0;7242.0;145.0;-335.0;480.0;-480.0;1916000.0;1913269.0;7242.0;145.0;956707.0;-956562.0;956562.0;1916.0;-815.0;7242000.0;7234903.0;3617044.0;3617859.0;-3617859.0
3360.0;629.0;6720.0;-377.0;126.0;-503.0;503.0;3360000.0;3357269.0;6720.0;-377.0;1678446.0;-1678823.0;1678823.0;3360.0;629.0;6720000.0;6712903.0;3356766.0;3356137.0;-3356137.0
4233.0;1502.0;6594.0;-503.0;499.5;-1002.5;1002.5;4233000.0;4230269.0;6594.0;-503.0;2114883.0;-2115386.0;2115386.0;4233.0;1502.0;6594000.0;6586903.0;3294202.5;3292700.5;-3292700.5
1613.0;-1118.0;7496.0;399.0;-359.5;758.5;-758.5;1613000.0;1610269.0;7496.0;399.0;805334.0;-804935.0;804935.0;1613.0;-1118.0;7496000.0;7488903.0;3743892.5;3745010.5;-3745010.5
2090.0;-641.0;7150.0;53.0;-294.0;347.0;-347.0;2090000.0;2087269.0;7150.0;53.0;1043661.0;-1043608.0;1043608.0;2090.0;-641.0;7150000.0;7142903.0;3571131.0;3571772.0;-3571772.0
4934.0;2203.0;6509.0;-588.0;807.5;-1395.5;1395.5;4934000.0;4931269.0;6509.0;-588.0;2465340.5;-2465928.5;2465928.5;4934.0;2203.0;6509000.0;6501903.0;3252053.0;3249850.0;-3249850.0
1340.0;-1391.0;7887.0;790.0;-300.5;1090.5;-1090.5;1340000.0;1337269.0;7887.0;790.0;669029.5;-668239.5;668239.5;1340.0;-1391.0;7887000.0;7879903.0;3939256.0;3940647.0;-3940647.0
1797.0;-934.0;7337.0;240.0;-347.0;587.0;-587.0;1797000.0;1794269.0;7337.0;240.0;897254.5;-897014.5;897014.5;1797.0;-934.0;7337000.0;7329903.0;3664484.5;3665418.5;-3665418.5
4717.0;1986.0;6533.0;-564.0;711.0;-1275.0;1275.0;4717000.0;4714269.0;6533.0;-564.0;2356852.5;-2357416.5;2357416.5;4717.0;1986.0;6533000.0;6525903.0;3263944.5;3261958.5;-3261958.5
3573.0;842.0;6686.0;-411.0;215.5;-626.5;626.5;3573000.0;3570269.0;6686.0;-411.0;1784929.0;-1785340.0;1785340.0;3573.0;842.0;6686000.0;6678903.0;3339872.5;3339030.5;-3339030.5
1830.0;-901.0;7310.0;213.0;-344.0;557.0;-557.0;1830000.0;1827269.0;7310.0;213.0;913741.0;-913528.0;913528.0;1830.0;-901.0;7310000.0;7302903.0;3651001.0;3651902.0;-3651902.0
1930.0;-801.0;7232.0;135.0;-333.0;468.0;-468.0;1930000.0;1927269.0;7232.0;135.0;963702.0;-963567.0;963567.0;1930.0;-801.0;7232000.0;7224903.0;3612051.0;3612852.0;-3612852.0
1389.0;-1342.0;7820.0;723.0;-309.5;1032.5;-1032.5;1389000.0;1386269.0;7820.0;723.0;693496.0;-692773.0;692773.0;1389.0;-1342.0;7820000.0;7812903.0;3905780.5;3907122.5;-3907122.5
1601.0;-1130.0;7534.0;437.0;-346.5;783.5;-783.5;1601000.0;1598269.0;7534.0;437.0;799353.0;-798916.0;798916.0;1601.0;-1130.0;7534000.0;7526903.0;3762886.5;3764016.5;-3764016.5
5279.0;2548.0;6477.0;-620.0;964.0;-1584.0;1584.0;5279000.0;5276269.0;6477.0;-620.0;2637824.5;-2638444.5;2638444.5;5279.0;2548.0;6477000.0;6469903.0;3236225.5;3233677.5;-3233677.5
4905.0;2174.0;6513.0;-584.0;795.0;-1379.0;1379.0;4905000.0;4902269.0;6513.0;-584.0;2450842.5;-2451426.5;2451426.5;4905.0;2174.0;6513000.0;6505903.0;3254038.5;3251864.5;-3251864.5
1606.0;-1125.0;7524.0;427.0;-349.0;776.0;-776.0;1606000.0;1603269.0;7524.0;427.0;801848.0;-801421.0;801421.0;1606.0;-1125.0;7524000.0;7516903.0;3757889.0;3759014.0;-3759014.0
3025.0;294.0;6798.0;-299.0;-2.5;-296.5;296.5;3025000.0;3022269.0;6798.0;-299.0;1510985.0;-1511284.0;1511284.0;3025.0;294.0;6798000.0;6790903.0;3395598.5;3395304.5;-3395304.5
1451.0;-1280.0;7738.0;641.0;-319.5;960.5;-960.5;1451000.0;1448269.0;7738.0;641.0;724455.0;-723814.0;723814.0;1451.0;-1280.0;7738000.0;7730903.0;3864811.5;3866091.5;-3866091.5
4918.0;2187.0;6511.0;-586.0;800.5;-1386.5;1386.5;4918000.0;4915269.0;6511.0;-586.0;2457341.5;-2457927.5;2457927.5;4918.0;2187.0;6511000.0;6503903.0;3253045.0;3250858.0;-3250858.0
1940.0;-791.0;7224.0;127.0;-332.0;459.0;-459.0;1940000.0;1937269.0;7224.0;127.0;968698.0;-968571.0;968571.0;1940.0;-791.0;7224000.0;7216903.0;3608056.0;3608847.0;-3608847.0
4295.0;1564.0;6585.0;-512.0;526.0;-1038.0;1038.0;4295000.0;4292269.0;6585.0;-512.0;2145878.5;-2146390.5;2146390.5;4295.0;1564.0;6585000.0;6577903.0;3289733.5;3288169.5;-3288169.5
4128.0;1397.0;6615.0;-482.0;457.5;-939.5;939.5;4128000.0;4125269.0;6615.0;-482.0;2062393.5;-2062875.5;2062875.5;4128.0;1397.0;6615000.0;6607903.0;3304650.0;3303253.0;-3303253.0
2460.0;-271.0;6969.0;-128.0;-199.5;71.5;-71.5;2460000.0;2457269.0;6969.0;-128.0;1228570.5;-1228698.5;1228698.5;2460.0;-271.0;6969000.0;6961903.0;3480816.0;3481087.0;-3481087.0
4992.0;2261.0;6504.0;-593.0;834.0;-1427.0;1427.0;4992000.0;4989269.0;6504.0;-593.0;2494338.0;-2494931.0;2494931.0;4992.0;2261.0;6504000.0;6496903.0;3249582.0;3247321.0;-3247321.0
1969.0;-762.0;7209.0;112.0;-325.0;437.0;-437.0;1969000.0;1966269.0;7209.0;112.0;983190.5;-983078.5;983078.5;1969.0;-762.0;7209000.0;7201903.0;3600570.5;3601332.5;-3601332.5
1327.0;-1404.0;7930.0;833.0;-285.5;1118.5;-1118.5;1327000.0;1324269.0;7930.0;833.0;662551.0;-661718.0;661718.0;1327.0;-1404.0;7930000.0;7922903.0;3960749.5;3962153.5;-3962153.5
1801.0;-930.0;7330.0;233.0;-348.5;581.5;-581.5;1801000.0;1798269.0;7330.0;233.0;899251.0;-899018.0;899018.0;1801.0;-930.0;7330000.0;7322903.0;3660986.5;3661916.5;-3661916.5
2135.0;-596.0;7115.0;18.0;-289.0;307.0;-307.0;2135000.0;2132269.0;7115.0;18.0;1066143.5;-1066125.5;1066125.5;2135.0;-596.0;7115000.0;7107903.0;3553653.5;3554249.5;-3554249.5
2963.0;232.0;6816.0;-281.0;-24.5;-256.5;256.5;2963000.0;2960269.0;6816.0;-281.0;1479994.0;-1480275.0;1480275.0;2963.0;232.0;6816000.0;6808903.0;3404567.5;3404335.5;-3404335.5
1763.0;-968.0;7351.0;254.0;-357.0;611.0;-611.0;1763000.0;1760269.0;7351.0;254.0;880261.5;-880007.5;880007.5;1763.0;-968.0;7351000.0;7343903.0;3671467.5;3672435.5;-3672435.5
4371.0;1640.0;6573.0;-524.0;558.0;-1082.0;1082.0;4371000.0;4368269.0;6573.0;-524.0;2183872.5;-2184396.5;2184396.5;4371.0;1640.0;6573000.0;6565903.0;3283771.5;3282131.5;-3282131.5
1393.0;-1338.0;7819.0;722.0;-308.0;1030.0;-1030.0;1393000.0;1390269.0;7819.0;722.0;695495.5;-694773.5;694773.5;1393.0;-1338.0;7819000.0;7811903.0;3905282.5;3906620.5;-3906620.5
1255.0;-1476.0;8110.0;1013.0;-231.5;1244.5;-1244.5;1255000.0;1252269.0;8110.0;1013.0;626641.0;-625628.0;625628.0;1255.0;-1476.0;8110000.0;8102903.0;4050713.5;4052189.5;-4052189.5
1996.0;-735.0;7196.0;99.0;-318.0;417.0;-417.0;1996000.0;1993269.0;7196.0;99.0;996684.0;-996585.0;996585.0;1996.0;-735.0;7196000.0;7188903.0;3594084.0;3594819.0;-3594819.0
3703.0;972.0;6668.0;-429.0;271.5;-700.5;700.5;3703000.0;3700269.0;6668.0;-429.0;1849920.0;-1850349.0;1850349.0;3703.0;972.0;6668000.0;6660903.0;3330937.5;3329965.5;-3329965.5
1296.0;-1435.0;8035.0;938.0;-248.5;1186.5;-1186.5;1296000.0;1293269.0;8035.0;938.0;647103.5;-646165.5;646165.5;1296.0;-1435.0;8035000.0;8027903.0;4013234.0;4014669.0;-4014669.0
1629.0;-1102.0;7484.0;387.0;-357.5;744.5;-744.5;1629000.0;1626269.0;7484.0;387.0;813328.0;-812941.0;812941.0;1629.0;-1102.0;7484000.0;7476903.0;3737900.5;3739002.5;-3739002.5
3558.0;827.0;6688.0;-409.0;209.0;-618.0;618.0;3558000.0;3555269.0;6688.0;-409.0;1777430.0;-1777839.0;1777839.0;3558.0;827.0;6688000.0;6680903.0;3340865.0;3340038.0;-3340038.0
5885.0;3154.0;6450.0;-647.0;1253.5;-1900.5;1900.5;5885000.0;5882269.0;6450.0;-647.0;2940811.0;-2941458.0;2941458.0;5885.0;3154.0;6450000.0;6442903.0;3223028.5;3219874.5;-3219874.5
1480.0;-1251.0;7665.0;568.0;-341.5;909.5;-909.5;1480000.0;1477269.0;7665.0;568.0;738918.5;-738350.5;738350.5;1480.0;-1251.0;7665000.0;7657903.0;3828326.0;3829577.0;-3829577.0
2972.0;241.0;6815.0;-282.0;-20.5;-261.5;261.5;2972000.0;2969269.0;6815.0;-282.0;1484493.5;-1484775.5;1484775.5;2972.0;241.0;6815000.0;6807903.0;3404072.0;3403831.0;-3403831.0
4798.0;2067.0;6525.0;-572.0;747.5;-1319.5;1319.5;4798000.0;4795269.0;6525.0;-572.0;2397348.5;-2397920.5;2397920.5;4798.0;2067.0;6525000.0;6517903.0;3259985.0;3257918.0;-3257918.0
3712.0;981.0;6662.0;-435.0;273.0;-708.0;708.0;3712000.0;3709269.0;6662.0;-435.0;1854417.0;-1854852.0;1854852.0;3712.0;981.0;6662000.0;6654903.0;3327942.0;3326961.0;-3326961.0
3979.0;1248.0;6632.0;-465.0;391.5;-856.5;856.5;3979000.0;3976269.0;6632.0;-465.0;1987902.0;-1988367.0;1988367.0;3979.0;1248.0;6632000.0;6624903.0;3313075.5;3311827.5;-3311827.5
2511.0;-220.0;6938.0;-159.0;-189.5;30.5;-30.5;2511000.0;2508269.0;6938.0;-159.0;1254055.0;-1254214.0;1254214.0;2511.0;-220.0;6938000.0;6930903.0;3465341.5;3465561.5;-3465561.5
2267.0;-464.0;7034.0;-63.0;-263.5;200.5;-200.5;2267000.0;2264269.0;7034.0;-63.0;1132103.0;-1132166.0;1132166.0;2267.0;-464.0;7034000.0;7026903.0;3513219.5;3513683.5;-3513683.5
1667.0;-1064.0;7438.0;341.0;-361.5;702.5;-702.5;1667000.0;1664269.0;7438.0;341.0;832305.0;-831964.0;831964.0;1667.0;-1064.0;7438000.0;7430903.0;3714919.5;3715983.5;-3715983.5
2053.0;-678.0;7161.0;64.0;-307.0;371.0;-371.0;2053000.0;2050269.0;7161.0;64.0;1025166.5;-1025102.5;1025102.5;2053.0;-678.0;7161000.0;7153903.0;3576612.5;3577290.5;-3577290.5
1523.0;-1208.0;7635.0;538.0;-335.0;873.0;-873.0;1523000.0;1520269.0;7635.0;538.0;760403.5;-759865.5;759865.5;1523.0;-1208.0;7635000.0;7627903.0;3813347.5;3814555.5;-3814555.5
1222.0;-1509.0;8200.0;1103.0;-203.0;1306.0;-1306.0;1222000.0;1219269.0;8200.0;1103.0;610186.0;-609083.0;609083.0;1222.0;-1509.0;8200000.0;8192903.0;4095697.0;4097206.0;-4097206.0
1961.0;-770.0;7216.0;119.0;-325.5;444.5;-444.5;1961000.0;1958269.0;7216.0;119.0;979194.0;-979075.0;979075.0;1961.0;-770.0;7216000.0;7208903.0;3604066.5;3604836.5;-3604836.5
1855.0;-876.0;7293.0;196.0;-340.0;536.0;-536.0;1855000.0;1852269.0;7293.0;196.0;926232.5;-926036.5;926036.5;1855.0;-876.0;7293000.0;7285903.0;3642513.5;3643389.5;-3643389.5
1445.0;-1286.0;7747.0;650.0;-318.0;968.0;-968.0;1445000.0;1442269.0;7747.0;650.0;721459.5;-720809.5;720809.5;1445.0;-1286.0;7747000.0;7739903.0;3869308.5;3870594.5;-3870594.5
1868.0;-863.0;7276.0;179.0;-342.0;521.0;-521.0;1868000.0;1865269.0;7276.0;179.0;932724.0;-932545.0;932545.0;1868.0;-863.0;7276000.0;7268903.0;3634020.0;3634883.0;-3634883.0
2266.0;-465.0;7041.0;-56.0;-260.5;204.5;-204.5;2266000.0;2263269.0;7041.0;-56.0;1131606.5;-1131662.5;1131662.5;2266.0;-465.0;7041000.0;7033903.0;3516719.0;3517184.0;-3517184.0
2744.0;13.0;6854.0;-243.0;-115.0;-128.0;128.0;2744000.0;2741269.0;6854.0;-243.0;1370513.0;-1370756.0;1370756.0;2744.0;13.0;6854000.0;6846903.0;3423458.0;3423445.0;-3423445.0
3139.0;408.0;6769.0;-328.0;40.0;-368.0;368.0;3139000.0;3136269.0;6769.0;-328.0;1567970.5;-1568298.5;1568298.5;3139.0;408.0;6769000.0;6761903.0;3381155.5;3380747.5;-3380747.5
4468.0;1737.0;6559.0;-538.0;599.5;-1137.5;1137.5;4468000.0;4465269.0;6559.0;-538.0;2232365.5;-2232903.5;2232903.5;4468.0;1737.0;6559000.0;6551903.0;3276820.0;3275083.0;-3275083.0
2020.0;-711.0;7178.0;81.0;-315.0;396.0;-396.0;2020000.0;2017269.0;7178.0;81.0;1008675.0;-1008594.0;1008594.0;2020.0;-711.0;7178000.0;7170903.0;3585096.0;3585807.0;-3585807.0
2186.0;-545.0;7080.0;-17.0;-281.0;264.0;-264.0;2186000.0;2183269.0;7080.0;-17.0;1091626.0;-1091643.0;1091643.0;2186.0;-545.0;7080000.0;7072903.0;3536179.0;3536724.0;-3536724.0
3014.0;283.0;6801.0;-296.0;-6.5;-289.5;289.5;3014000.0;3011269.0;6801.0;-296.0;1505486.5;-1505782.5;1505782.5;3014.0;283.0;6801000.0;6793903.0;3397093.0;3396810.0;-3396810.0
2522.0;-209.0;6933.0;-164.0;-186.5;22.5;-22.5;2522000.0;2519269.0;6933.0;-164.0;1259552.5;-1259716.5;1259716.5;2522.0;-209.0;6933000.0;6925903.0;3462847.0;3463056.0;-3463056.0
2086.0;-645.0;7151.0;54.0;-295.5;349.5;-349.5;2086000.0;2083269.0;7151.0;54.0;1041661.5;-1041607.5;1041607.5;2086.0;-645.0;7151000.0;7143903.0;3571629.0;3572274.0;-3572274.0
2526.0;-205.0;6931.0;-166.0;-185.5;19.5;-19.5;2526000.0;2523269.0;6931.0;-166.0;1261551.5;-1261717.5;1261717.5;2526.0;-205.0;6931000.0;6923903.0;3461849.0;3462054.0;-3462054.0
1923.0;-808.0;7238.0;141.0;-333.5;474.5;-474.5;1923000.0;1920269.0;7238.0;141.0;960205.0;-960064.0;960064.0;1923.0;-808.0;7238000.0;7230903.0;3615047.5;3615855.5;-3615855.5
1497.0;-1234.0;7654.0;557.0;-338.5;895.5;-895.5;1497000.0;1494269.0;7654.0;557.0;747413.0;-746856.0;746856.0;1497.0;-1234.0;7654000.0;7646903.0;3822834.5;3824068.5;-3824068.5
2002.0;-729.0;7190.0;93.0;-318.0;411.0;-411.0;2002000.0;1999269.0;7190.0;93.0;999681.0;-999588.0;999588.0;2002.0;-729.0;7190000.0;7182903.0;3591087.0;3591816.0;-3591816.0
1654.0;-1077.0;7454.0;357.0;-360.0;717.0;-717.0;1654000.0;1651269.0;7454.0;357.0;825813.0;-825456.0;825456.0;1654.0;-1077.0;7454000.0;7446903.0;3722913.0;3723990.0;-3723990.0
1783.0;-948.0;7350.0;253.0;-347.5;600.5;-600.5;1783000.0;1780269.0;7350.0;253.0;890261.0;-890008.0;890008.0;1783.0;-948.0;7350000.0;7342903.0;3670977.5;3671925.5;-3671925.5
1386.0;-1345.0;7821.0;724.0;-310.5;1034.5;-1034.5;1386000.0;1383269.0;7821.0;724.0;691996.5;-691272.5;691272.5;1386.0;-1345.0;7821000.0;7813903.0;3906279.0;3907624.0;-3907624.0
1424.0;-1307.0;7784.0;687.0;-310.0;997.0;-997.0;1424000.0;1421269.0;7784.0;687.0;710978.0;-710291.0;710291.0;1424.0;-1307.0;7784000.0;7776903.0;3887798.0;3889105.0;-3889105.0
1816.0;-915.0;7316.0;219.0;-348.0;567.0;-567.0;1816000.0;1813269.0;7316.0;219.0;906744.0;-906525.0;906525.0;1816.0;-915.0;7316000.0;7308903.0;3653994.0;3654909.0;-3654909.0
2697.0;-34.0;6860.0;-237.0;-135.5;-101.5;101.5;2697000.0;2694269.0;6860.0;-237.0;1347016.0;-1347253.0;1347253.0;2697.0;-34.0;6860000.0;6852903.0;3426434.5;3426468.5;-3426468.5
1648.0;-1083.0;7459.0;362.0;-360.5;722.5;-722.5;1648000.0;1645269.0;7459.0;362.0;822815.5;-822453.5;822453.5;1648.0;-1083.0;7459000.0;7451903.0;3725410.0;3726493.0;-3726493.0
1316.0;-1415.0;7972.0;875.0;-270.0;1145.0;-1145.0;1316000.0;1313269.0;7972.0;875.0;657072.0;-656197.0;656197.0;1316.0;-1415.0;7972000.0;7964903.0;3981744.0;3983159.0;-3983159.0
1408.0;-1323.0;7794.0;697.0;-313.0;1010.0;-1010.0;1408000.0;1405269.0;7794.0;697.0;702983.0;-702286.0;702286.0;1408.0;-1323.0;7794000.0;7786903.0;3892790.0;3894113.0;-3894113.0
2489.0;-242.0;6952.0;-145.0;-193.5;48.5;-48.5;2489000.0;2486269.0;6952.0;-145.0;1243062.0;-1243207.0;1243207.0;2489.0;-242.0;6952000.0;6944903.0;3472330.5;3472572.5;-3472572.5
1231.0;-1500.0;8181.0;1084.0;-208.0;1292.0;-1292.0;1231000.0;1228269.0;8181.0;1084.0;614676.5;-613592.5;613592.5;1231.0;-1500.0;8181000.0;8173903.0;4086201.5;4087701.5;-4087701.5
2100.0;-631.0;7148.0;51.0;-290.0;341.0;-341.0;2100000.0;2097269.0;7148.0;51.0;1048660.0;-1048609.0;1048609.0;2100.0;-631.0;7148000.0;7140903.0;3570136.0;3570767.0;-3570767.0
4106.0;1375.0;6618.0;-479.0;448.0;-927.0;927.0;4106000.0;4103269.0;6618.0;-479.0;2051395.0;-2051874.0;2051874.0;4106.0;1375.0;6618000.0;6610903.0;3306139.0;3304764.0;-3304764.0
1541.0;-1190.0;7602.0;505.0;-342.5;847.5;-847.5;1541000.0;1538269.0;7602.0;505.0;769387.0;-768882.0;768882.0;1541.0;-1190.0;7602000.0;7594903.0;3796856.5;3798046.5;-3798046.5
3159.0;428.0;6764.0;-333.0;47.5;-380.5;380.5;3159000.0;3156269.0;6764.0;-333.0;1577968.0;-1578301.0;1578301.0;3159.0;428.0;6764000.0;6756903.0;3378665.5;3378237.5;-3378237.5
5772.0;3041.0;6455.0;-642.0;1199.5;-1841.5;1841.5;5772000.0;5769269.0;6455.0;-642.0;2884313.5;-2884955.5;2884955.5;5772.0;3041.0;6455000.0;6447903.0;3225472.0;3222431.0;-3222431.0
6042.0;3311.0;6449.0;-648.0;1331.5;-1979.5;1979.5;6042000.0;6039269.0;6449.0;-648.0;3019310.5;-3019958.5;3019958.5;6042.0;3311.0;6449000.0;6441903.0;3222607.0;3219296.0;-3219296.0
3074.0;343.0;6785.0;-312.0;15.5;-327.5;327.5;3074000.0;3071269.0;6785.0;-312.0;1535478.5;-1535790.5;1535790.5;3074.0;343.0;6785000.0;6777903.0;3389123.0;3388780.0;-3388780.0
4133.0;1402.0;6614.0;-483.0;459.5;-942.5;942.5;4133000.0;4130269.0;6614.0;-483.0;2064893.0;-2065376.0;2065376.0;4133.0;1402.0;6614000.0;6606903.0;3304152.5;3302750.5;-3302750.5
2012.0;-719.0;7185.0;88.0;-315.5;403.5;-403.5;2012000.0;2009269.0;7185.0;88.0;1004678.5;-1004590.5;1004590.5;2012.0;-719.0;7185000.0;7177903.0;3588592.0;3589311.0;-3589311.0
3209.0;478.0;6755.0;-342.0;68.0;-410.0;410.0;3209000.0;3206269.0;6755.0;-342.0;1602963.5;-1603305.5;1603305.5;3209.0;478.0;6755000.0;6747903.0;3374190.5;3373712.5;-3373712.5
2973.0;242.0;6811.0;-286.0;-22.0;-264.0;264.0;2973000.0;2970269.0;6811.0;-286.0;1484991.5;-1485277.5;1485277.5;2973.0;242.0;6811000.0;6803903.0;3402072.5;3401830.5;-3401830.5
3242.0;511.0;6746.0;-351.0;80.0;-431.0;431.0;3242000.0;3239269.0;6746.0;-351.0;1619459.0;-1619810.0;1619810.0;3242.0;511.0;6746000.0;6738903.0;3369707.0;3369196.0;-3369196.0
2729.0;-2.0;6857.0;-240.0;-121.0;-119.0;119.0;2729000.0;2726269.0;6857.0;-240.0;1363014.5;-1363254.5;1363254.5;2729.0;-2.0;6857000.0;6849903.0;3424950.5;3424952.5;-3424952.5
4935.0;2204.0;6506.0;-591.0;806.5;-1397.5;1397.5;4935000.0;4932269.0;6506.0;-591.0;2465839.0;-2466430.0;2466430.0;4935.0;2204.0;6506000.0;6498903.0;3250553.5;3248349.5;-3248349.5
2069.0;-662.0;7158.0;61.0;-300.5;361.5;-361.5;2069000.0;2066269.0;7158.0;61.0;1033165.0;-1033104.0;1033104.0;2069.0;-662.0;7158000.0;7150903.0;3575120.5;3575782.5;-3575782.5
4857.0;2126.0;6519.0;-578.0;774.0;-1352.0;1352.0;4857000.0;4854269.0;6519.0;-578.0;2426845.5;-2427423.5;2427423.5;4857.0;2126.0;6519000.0;6511903.0;3257014.5;3254888.5;-3254888.5
2957.0;226.0;6817.0;-280.0;-27.0;-253.0;253.0;2957000.0;2954269.0;6817.0;-280.0;1476994.5;-1477274.5;1477274.5;2957.0;226.0;6817000.0;6809903.0;3405064.5;3404838.5;-3404838.5
1229.0;-1502.0;8190.0;1093.0;-204.5;1297.5;-1297.5;1229000.0;1226269.0;8190.0;1093.0;613681.0;-612588.0;612588.0;1229.0;-1502.0;8190000.0;8182903.0;4090700.5;4092202.5;-4092202.5
1587.0;-1144.0;7545.0;448.0;-348.0;796.0;-796.0;1587000.0;1584269.0;7545.0;448.0;792358.5;-791910.5;791910.5;1587.0;-1144.0;7545000.0;7537903.0;3768379.5;3769523.5;-3769523.5
2550.0;-181.0;6921.0;-176.0;-178.5;2.5;-2.5;2550000.0;2547269.0;6921.0;-176.0;1273546.5;-1273722.5;1273722.5;2550.0;-181.0;6921000.0;6913903.0;3456861.0;3457042.0;-3457042.0
1892.0;-839.0;7258.0;161.0;-339.0;500.0;-500.0;1892000.0;1889269.0;7258.0;161.0;944715.0;-944554.0;944554.0;1892.0;-839.0;7258000.0;7250903.0;3625032.0;3625871.0;-3625871.0
2049.0;-682.0;7165.0;68.0;-307.0;375.0;-375.0;2049000.0;2046269.0;7165.0;68.0;1023168.5;-1023100.5;1023100.5;2049.0;-682.0;7165000.0;7157903.0;3578610.5;3579292.5;-3579292.5
3727.0;996.0;6660.0;-437.0;279.5;-716.5;716.5;3727000.0;3724269.0;6660.0;-437.0;1861916.0;-1862353.0;1862353.0;3727.0;996.0;6660000.0;6652903.0;3326949.5;3325953.5;-3325953.5
2905.0;174.0;6824.0;-273.0;-49.5;-223.5;223.5;2905000.0;2902269.0;6824.0;-273.0;1450998.0;-1451271.0;1451271.0;2905.0;174.0;6824000.0;6816903.0;3408538.5;3408364.5;-3408364.5
3155.0;424.0;6766.0;-331.0;46.5;-377.5;377.5;3155000.0;3152269.0;6766.0;-331.0;1575969.0;-1576300.0;1576300.0;3155.0;424.0;6766000.0;6758903.0;3379663.5;3379239.5;-3379239.5
1927.0;-804.0;7234.0;137.0;-333.5;470.5;-470.5;1927000.0;1924269.0;7234.0;137.0;962203.0;-962066.0;962066.0;1927.0;-804.0;7234000.0;7226903.0;3613049.5;3613853.5;-3613853.5
1395.0;-1336.0;7816.0;719.0;-308.5;1027.5;-1027.5;1395000.0;1392269.0;7816.0;719.0;696494.0;-695775.0;695775.0;1395.0;-1336.0;7816000.0;7808903.0;3903783.5;3905119.5;-3905119.5
1332.0;-1399.0;7908.0;811.0;-294.0;1105.0;-1105.0;1332000.0;1329269.0;7908.0;811.0;665040.0;-664229.0;664229.0;1332.0;-1399.0;7908000.0;7900903.0;3949752.0;3951151.0;-3951151.0
5415.0;2684.0;6465.0;-632.0;1026.0;-1658.0;1658.0;5415000.0;5412269.0;6465.0;-632.0;2705818.5;-2706450.5;2706450.5;5415.0;2684.0;6465000.0;6457903.0;3230293.5;3227609.5;-3227609.5
1276.0;-1455.0;8065.0;968.0;-243.5;1211.5;-1211.5;1276000.0;1273269.0;8065.0;968.0;637118.5;-636150.5;636150.5;1276.0;-1455.0;8065000.0;8057903.0;4028224.0;4029679.0;-4029679.0
1965.0;-766.0;7213.0;116.0;-325.0;441.0;-441.0;1965000.0;1962269.0;7213.0;116.0;981192.5;-981076.5;981076.5;1965.0;-766.0;7213000.0;7205903.0;3602568.5;3603334.5;-3603334.5
2774.0;43.0;6843.0;-254.0;-105.5;-148.5;148.5;2774000.0;2771269.0;6843.0;-254.0;1385507.5;-1385761.5;1385761.5;2774.0;43.0;6843000.0;6835903.0;3417973.0;3417930.0;-3417930.0
1678.0;-1053.0;7431.0;334.0;-359.5;693.5;-693.5;1678000.0;1675269.0;7431.0;334.0;837801.5;-837467.5;837467.5;1678.0;-1053.0;7431000.0;7423903.0;3711425.0;3712478.0;-3712478.0
5455.0;2724.0;6461.0;-636.0;1044.0;-1680.0;1680.0;5455000.0;5452269.0;6461.0;-636.0;2725816.5;-2726452.5;2726452.5;5455.0;2724.0;6461000.0;6453903.0;3228313.5;3225589.5;-3225589.5
1896.0;-835.0;7254.0;157.0;-339.0;496.0;-496.0;1896000.0;1893269.0;7254.0;157.0;946713.0;-946556.0;946556.0;1896.0;-835.0;7254000.0;7246903.0;3623034.0;3623869.0;-3623869.0
2633.0;-98.0;6890.0;-207.0;-152.5;-54.5;54.5;2633000.0;2630269.0;6890.0;-207.0;1315031.0;-1315238.0;1315238.0;2633.0;-98.0;6890000.0;6882903.0;3441402.5;3441500.5;-3441500.5
1319.0;-1412.0;7962.0;865.0;-273.5;1138.5;-1138.5;1319000.0;1316269.0;7962.0;865.0;658567.0;-657702.0;657702.0;1319.0;-1412.0;7962000.0;7954903.0;3976745.5;3978157.5;-3978157.5
5040.0;2309.0;6498.0;-599.0;855.0;-1454.0;1454.0;5040000.0;5037269.0;6498.0;-599.0;2518335.0;-2518934.0;2518934.0;5040.0;2309.0;6498000.0;6490903.0;3246606.0;3244297.0;-3244297.0
1330.0;-1401.0;7927.0;830.0;-285.5;1115.5;-1115.5;1330000.0;1327269.0;7927.0;830.0;664049.5;-663219.5;663219.5;1330.0;-1401.0;7927000.0;7919903.0;3959251.0;3960652.0;-3960652.0
1224.0;-1507.0;8198.0;1101.0;-203.0;1304.0;-1304.0;1224000.0;1221269.0;8198.0;1101.0;611185.0;-610084.0;610084.0;1224.0;-1507.0;8198000.0;8190903.0;4094698.0;4096205.0;-4096205.0
4379.0;1648.0;6571.0;-526.0;561.0;-1087.0;1087.0;4379000.0;4376269.0;6571.0;-526.0;2187871.5;-2188397.5;2188397.5;4379.0;1648.0;6571000.0;6563903.0;3282775.5;3281127.5;-3281127.5
3476.0;745.0;6697.0;-400.0;172.5;-572.5;572.5;3476000.0;3473269.0;6697.0;-400.0;1736434.5;-1736834.5;1736834.5;3476.0;745.0;6697000.0;6689903.0;3345324.0;3344579.0;-3344579.0
4476.0;1745.0;6557.0;-540.0;602.5;-1142.5;1142.5;4476000.0;4473269.0;6557.0;-540.0;2236364.5;-2236904.5;2236904.5;4476.0;1745.0;6557000.0;6549903.0;3275824.0;3274079.0;-3274079.0
3409.0;678.0;6711.0;-386.0;146.0;-532.0;532.0;3409000.0;3406269.0;6711.0;-386.0;1702941.5;-1703327.5;1703327.5;3409.0;678.0;6711000.0;6703903.0;3352290.5;3351612.5;-3351612.5
1661.0;-1070.0;7450.0;353.0;-358.5;711.5;-711.5;1661000.0;1658269.0;7450.0;353.0;829311.0;-828958.0;828958.0;1661.0;-1070.0;7450000.0;7442903.0;3720916.5;3721986.5;-3721986.5
1956.0;-775.0;7220.0;123.0;-326.0;449.0;-449.0;1956000.0;1953269.0;7220.0;123.0;976696.0;-976573.0;976573.0;1956.0;-775.0;7220000.0;7212903.0;3606064.0;3606839.0;-3606839.0
3589.0;858.0;6685.0;-412.0;223.0;-635.0;635.0;3589000.0;3586269.0;6685.0;-412.0;1792928.5;-1793340.5;1793340.5;3589.0;858.0;6685000.0;6677903.0;3339380.5;3338522.5;-3338522.5
1325.0;-1406.0;7949.0;852.0;-277.0;1129.0;-1129.0;1325000.0;1322269.0;7949.0;852.0;661560.5;-660708.5;660708.5;1325.0;-1406.0;7949000.0;7941903.0;3970248.5;3971654.5;-3971654.5
5645.0;2914.0;6457.0;-640.0;1137.0;-1777.0;1777.0;5645000.0;5642269.0;6457.0;-640.0;2820814.5;-2821454.5;2821454.5;5645.0;2914.0;6457000.0;6449903.0;3226408.5;3223494.5;-3223494.5
3602.0;871.0;6682.0;-415.0;228.0;-643.0;643.0;3602000.0;3599269.0;6682.0;-415.0;1799427.0;-1799842.0;1799842.0;3602.0;871.0;6682000.0;6674903.0;3337887.0;3337016.0;-3337016.0
3227.0;496.0;6751.0;-346.0;75.0;-421.0;421.0;3227000.0;3224269.0;6751.0;-346.0;1611961.5;-1612307.5;1612307.5;3227.0;496.0;6751000.0;6743903.0;3372199.5;3371703.5;-3371703.5
2493.0;-238.0;6950.0;-147.0;-192.5;45.5;-45.5;2493000.0;2490269.0;6950.0;-147.0;1245061.0;-1245208.0;1245208.0;2493.0;-238.0;6950000.0;6942903.0;3471332.5;3471570.5;-3471570.5
1643.0;-1088.0;7469.0;372.0;-358.0;730.0;-730.0;1643000.0;1640269.0;7469.0;372.0;820320.5;-819948.5;819948.5;1643.0;-1088.0;7469000.0;7461903.0;3730407.5;3731495.5;-3731495.5
1377.0;-1354.0;7832.0;735.0;-309.5;1044.5;-1044.5;1377000.0;1374269.0;7832.0;735.0;687502.0;-686767.0;686767.0;1377.0;-1354.0;7832000.0;7824903.0;3911774.5;3913128.5;-3913128.5
1649.0;-1082.0;7456.0;359.0;-361.5;720.5;-720.5;1649000.0;1646269.0;7456.0;359.0;823314.0;-822955.0;822955.0;1649.0;-1082.0;7456000.0;7448903.0;3723910.5;3724992.5;-3724992.5
4206.0;1475.0;6601.0;-496.0;489.5;-985.5;985.5;4206000.0;4203269.0;6601.0;-496.0;2101386.5;-2101882.5;2101882.5;4206.0;1475.0;6601000.0;6593903.0;3297689.0;3296214.0;-3296214.0
2123.0;-608.0;7123.0;26.0;-291.0;317.0;-317.0;2123000.0;2120269.0;7123.0;26.0;1060147.5;-1060121.5;1060121.5;2123.0;-608.0;7123000.0;7115903.0;3557647.5;3558255.5;-3558255.5
2077.0;-654.0;7157.0;60.0;-297.0;357.0;-357.0;2077000.0;2074269.0;7157.0;60.0;1037164.5;-1037104.5;1037104.5;2077.0;-654.0;7157000.0;7149903.0;3574624.5;3575278.5;-3575278.5
2202.0;-529.0;7072.0;-25.0;-277.0;252.0;-252.0;2202000.0;2199269.0;7072.0;-25.0;1099622.0;-1099647.0;1099647.0;2202.0;-529.0;7072000.0;7064903.0;3532187.0;3532716.0;-3532716.0
2806.0;75.0;6840.0;-257.0;-91.0;-166.0;166.0;2806000.0;2803269.0;6840.0;-257.0;1401506.0;-1401763.0;1401763.0;2806.0;75.0;6840000.0;6832903.0;3416489.0;3416414.0;-3416414.0
1465.0;-1266.0;7719.0;622.0;-322.0;944.0;-944.0;1465000.0;1462269.0;7719.0;622.0;731445.5;-730823.5;730823.5;1465.0;-1266.0;7719000.0;7711903.0;3855318.5;3856584.5;-3856584.5
1520.0;-1211.0;7639.0;542.0;-334.5;876.5;-876.5;1520000.0;1517269.0;7639.0;542.0;758905.5;-758363.5;758363.5;1520.0;-1211.0;7639000.0;7631903.0;3815346.0;3816557.0;-3816557.0
1872.0;-859.0;7272.0;175.0;-342.0;517.0;-517.0;1872000.0;1869269.0;7272.0;175.0;934722.0;-934547.0;934547.0;1872.0;-859.0;7272000.0;7264903.0;3632022.0;3632881.0;-3632881.0
1220.0;-1511.0;8204.0;1107.0;-202.0;1309.0;-1309.0;1220000.0;1217269.0;8204.0;1107.0;609188.0;-608081.0;608081.0;1220.0;-1511.0;8204000.0;8196903.0;4097696.0;4099207.0;-4099207.0
3021.0;290.0;6800.0;-297.0;-3.5;-293.5;293.5;3021000.0;3018269.0;6800.0;-297.0;1508986.0;-1509283.0;1509283.0;3021.0;290.0;6800000.0;6792903.0;3396596.5;3396306.5;-3396306.5
2256.0;-475.0;7048.0;-49.0;-262.0;213.0;-213.0;2256000.0;2253269.0;7048.0;-49.0;1126610.0;-1126659.0;1126659.0;2256.0;-475.0;7048000.0;7040903.0;3520214.0;3520689.0;-3520689.0
2883.0;152.0;6830.0;-267.0;-57.5;-209.5;209.5;2883000.0;2880269.0;6830.0;-267.0;1440001.0;-1440268.0;1440268.0;2883.0;152.0;6830000.0;6822903.0;3411527.5;3411375.5;-3411375.5
4709.0;1978.0;6535.0;-562.0;708.0;-1270.0;1270.0;4709000.0;4706269.0;6535.0;-562.0;2352853.5;-2353415.5;2353415.5;4709.0;1978.0;6535000.0;6527903.0;3264940.5;3262962.5;-3262962.5
5140.0;2409.0;6489.0;-608.0;900.5;-1508.5;1508.5;5140000.0;5137269.0;6489.0;-608.0;2568330.5;-2568938.5;2568938.5;5140.0;2409.0;6489000.0;6481903.0;3242156.0;3239747.0;-3239747.0
4156.0;1425.0;6606.0;-491.0;467.0;-958.0;958.0;4156000.0;4153269.0;6606.0;-491.0;2076389.0;-2076880.0;2076880.0;4156.0;1425.0;6606000.0;6598903.0;3300164.0;3298739.0;-3298739.0
4208.0;1477.0;6600.0;-497.0;490.0;-987.0;987.0;4208000.0;4205269.0;6600.0;-497.0;2102386.0;-2102883.0;2102883.0;4208.0;1477.0;6600000.0;6592903.0;3297190.0;3295713.0;-3295713.0
4778.0;2047.0;6529.0;-568.0;739.5;-1307.5;1307.5;4778000.0;4775269.0;6529.0;-568.0;2387350.5;-2387918.5;2387918.5;4778.0;2047.0;6529000.0;6521903.0;3261975.0;3259928.0;-3259928.0
1568.0;-1163.0;7563.0;466.0;-348.5;814.5;-814.5;1568000.0;1565269.0;7563.0;466.0;782867.5;-782401.5;782401.5;1568.0;-1163.0;7563000.0;7555903.0;3777370.0;3778533.0;-3778533.0
1552.0;-1179.0;7582.0;485.0;-347.0;832.0;-832.0;1552000.0;1549269.0;7582.0;485.0;774877.0;-774392.0;774392.0;1552.0;-1179.0;7582000.0;7574903.0;3786862.0;3788041.0;-3788041.0
4311.0;1580.0;6582.0;-515.0;532.5;-1047.5;1047.5;4311000.0;4308269.0;6582.0;-515.0;2153877.0;-2154392.0;2154392.0;4311.0;1580.0;6582000.0;6574903.0;3288241.5;3286661.5;-3286661.5
2689.0;-42.0;6865.0;-232.0;-137.0;-95.0;95.0;2689000.0;2686269.0;6865.0;-232.0;1343018.5;-1343250.5;1343250.5;2689.0;-42.0;6865000.0;6857903.0;3428930.5;3428972.5;-3428972.5
1566.0;-1165.0;7565.0;468.0;-348.5;816.5;-816.5;1566000.0;1563269.0;7565.0;468.0;781868.5;-781400.5;781400.5;1566.0;-1165.0;7565000.0;7557903.0;3778369.0;3779534.0;-3779534.0
1590.0;-1141.0;7540.0;443.0;-349.0;792.0;-792.0;1590000.0;1587269.0;7540.0;443.0;793856.0;-793413.0;793413.0;1590.0;-1141.0;7540000.0;7532903.0;3765881.0;3767022.0;-3767022.0
4443.0;1712.0;6565.0;-532.0;590.0;-1122.0;1122.0;4443000.0;4440269.0;6565.0;-532.0;2219868.5;-2220400.5;2220400.5;4443.0;1712.0;6565000.0;6557903.0;3279807.5;3278095.5;-3278095.5
3345.0;614.0;6726.0;-371.0;121.5;-492.5;492.5;3345000.0;3342269.0;6726.0;-371.0;1670949.0;-1671320.0;1671320.0;3345.0;614.0;6726000.0;6718903.0;3359758.5;3359144.5;-3359144.5
3528.0;797.0;6692.0;-405.0;196.0;-601.0;601.0;3528000.0;3525269.0;6692.0;-405.0;1762432.0;-1762837.0;1762837.0;3528.0;797.0;6692000.0;6684903.0;3342850.0;3342053.0;-3342053.0
2455.0;-276.0;6971.0;-126.0;-201.0;75.0;-75.0;2455000.0;2452269.0;6971.0;-126.0;1226071.5;-1226197.5;1226197.5;2455.0;-276.0;6971000.0;6963903.0;3481813.5;3482089.5;-3482089.5
4297.0;1566.0;6584.0;-513.0;526.5;-1039.5;1039.5;4297000.0;4294269.0;6584.0;-513.0;2146878.0;-2147391.0;2147391.0;4297.0;1566.0;6584000.0;6576903.0;3289234.5;3287668.5;-3287668.5
3374.0;643.0;6720.0;-377.0;133.0;-510.0;510.0;3374000.0;3371269.0;6720.0;-377.0;1685446.0;-1685823.0;1685823.0;3374.0;643.0;6720000.0;6712903.0;3356773.0;3356130.0;-3356130.0
1556.0;-1175.0;7576.0;479.0;-348.0;827.0;-827.0;1556000.0;1553269.0;7576.0;479.0;776874.0;-776395.0;776395.0;1556.0;-1175.0;7576000.0;7568903.0;3783864.0;3785039.0;-3785039.0
2994.0;263.0;6805.0;-292.0;-14.5;-277.5;277.5;2994000.0;2991269.0;6805.0;-292.0;1495488.5;-1495780.5;1495780.5;2994.0;263.0;6805000.0;6797903.0;3399083.0;3398820.0;-3398820.0
4453.0;1722.0;6560.0;-537.0;592.5;-1129.5;1129.5;4453000.0;4450269.0;6560.0;-537.0;2224866.0;-2225403.0;2225403.0;4453.0;1722.0;6560000.0;6552903.0;3277312.5;3275590.5;-3275590.5
2465.0;-266.0;6965.0;-132.0;-199.0;67.0;-67.0;2465000.0;2462269.0;6965.0;-132.0;1231068.5;-1231200.5;1231200.5;2465.0;-266.0;6965000.0;6957903.0;3478818.5;3479084.5;-3479084.5
1211.0;-1520.0;8254.0;1157.0;-181.5;1338.5;-1338.5;1211000.0;1208269.0;8254.0;1157.0;604713.0;-603556.0;603556.0;1211.0;-1520.0;8254000.0;8246903.0;4122691.5;4124211.5;-4124211.5
5162.0;2431.0;6484.0;-613.0;909.0;-1522.0;1522.0;5162000.0;5159269.0;6484.0;-613.0;2579328.0;-2579941.0;2579941.0;5162.0;2431.0;6484000.0;6476903.0;3239667.0;3237236.0;-3237236.0
2039.0;-692.0;7168.0;71.0;-310.5;381.5;-381.5;2039000.0;2036269.0;7168.0;71.0;1018170.0;-1018099.0;1018099.0;2039.0;-692.0;7168000.0;7160903.0;3580105.5;3580797.5;-3580797.5
4564.0;1833.0;6549.0;-548.0;642.5;-1190.5;1190.5;4564000.0;4561269.0;6549.0;-548.0;2280360.5;-2280908.5;2280908.5;4564.0;1833.0;6549000.0;6541903.0;3271868.0;3270035.0;-3270035.0
1321.0;-1410.0;7960.0;863.0;-273.5;1136.5;-1136.5;1321000.0;1318269.0;7960.0;863.0;659566.0;-658703.0;658703.0;1321.0;-1410.0;7960000.0;7952903.0;3975746.5;3977156.5;-3977156.5
2554.0;-177.0;6919.0;-178.0;-177.5;-0.5;0.5;2554000.0;2551269.0;6919.0;-178.0;1275545.5;-1275723.5;1275723.5;2554.0;-177.0;6919000.0;6911903.0;3455863.0;3456040.0;-3456040.0
1589.0;-1142.0;7543.0;446.0;-348.0;794.0;-794.0;1589000.0;1586269.0;7543.0;446.0;793357.5;-792911.5;792911.5;1589.0;-1142.0;7543000.0;7535903.0;3767380.5;3768522.5;-3768522.5
1311.0;-1420.0;7983.0;886.0;-267.0;1153.0;-1153.0;1311000.0;1308269.0;7983.0;886.0;654577.5;-653691.5;653691.5;1311.0;-1420.0;7983000.0;7975903.0;3987241.5;3988661.5;-3988661.5
5226.0;2495.0;6482.0;-615.0;940.0;-1555.0;1555.0;5226000.0;5223269.0;6482.0;-615.0;2611327.0;-2611942.0;2611942.0;5226.0;2495.0;6482000.0;6474903.0;3238699.0;3236204.0;-3236204.0
2400.0;-331.0;6990.0;-107.0;-219.0;112.0;-112.0;2400000.0;2397269.0;6990.0;-107.0;1198581.0;-1198688.0;1198688.0;2400.0;-331.0;6990000.0;6982903.0;3491286.0;3491617.0;-3491617.0
3177.0;446.0;6759.0;-338.0;54.0;-392.0;392.0;3177000.0;3174269.0;6759.0;-338.0;1586965.5;-1587303.5;1587303.5;3177.0;446.0;6759000.0;6751903.0;3376174.5;3375728.5;-3375728.5
4514.0;1783.0;6555.0;-542.0;620.5;-1162.5;1162.5;4514000.0;4511269.0;6555.0;-542.0;2255363.5;-2255905.5;2255905.5;4514.0;1783.0;6555000.0;6547903.0;3274843.0;3273060.0;-3273060.0
2688.0;-43.0;6872.0;-225.0;-134.0;-91.0;91.0;2688000.0;2685269.0;6872.0;-225.0;1342522.0;-1342747.0;1342747.0;2688.0;-43.0;6872000.0;6864903.0;3432430.0;3432473.0;-3432473.0
2010.0;-721.0;7188.0;91.0;-315.0;406.0;-406.0;2010000.0;2007269.0;7188.0;91.0;1003680.0;-1003589.0;1003589.0;2010.0;-721.0;7188000.0;7180903.0;3590091.0;3590812.0;-3590812.0
1349.0;-1382.0;7872.0;775.0;-303.5;1078.5;-1078.5;1349000.0;1346269.0;7872.0;775.0;673522.0;-672747.0;672747.0;1349.0;-1382.0;7872000.0;7864903.0;3931760.5;3933142.5;-3933142.5
2274.0;-457.0;7031.0;-66.0;-261.5;195.5;-195.5;2274000.0;2271269.0;7031.0;-66.0;1135601.5;-1135667.5;1135667.5;2274.0;-457.0;7031000.0;7023903.0;3511723.0;3512180.0;-3512180.0
3058.0;327.0;6788.0;-309.0;9.0;-318.0;318.0;3058000.0;3055269.0;6788.0;-309.0;1527480.0;-1527789.0;1527789.0;3058.0;327.0;6788000.0;6780903.0;3390615.0;3390288.0;-3390288.0
1959.0;-772.0;7219.0;122.0;-325.0;447.0;-447.0;1959000.0;1956269.0;7219.0;122.0;978195.5;-978073.5;978073.5;1959.0;-772.0;7219000.0;7211903.0;3605565.5;3606337.5;-3606337.5
5066.0;2335.0;6497.0;-600.0;867.5;-1467.5;1467.5;5066000.0;5063269.0;6497.0;-600.0;2531334.5;-2531934.5;2531934.5;5066.0;2335.0;6497000.0;6489903.0;3246119.0;3243784.0;-3243784.0
3670.0;939.0;6670.0;-427.0;256.0;-683.0;683.0;3670000.0;3667269.0;6670.0;-427.0;1833421.0;-1833848.0;1833848.0;3670.0;939.0;6670000.0;6662903.0;3331921.0;3330982.0;-3330982.0
3616.0;885.0;6677.0;-420.0;232.5;-652.5;652.5;3616000.0;3613269.0;6677.0;-420.0;1806424.5;-1806844.5;1806844.5;3616.0;885.0;6677000.0;6669903.0;3335394.0;3334509.0;-3334509.0
4222.0;1491.0;6598.0;-499.0;496.0;-995.0;995.0;4222000.0;4219269.0;6598.0;-499.0;2109385.0;-2109884.0;2109884.0;4222.0;1491.0;6598000.0;6590903.0;3296197.0;3294706.0;-3294706.0
2438.0;-293.0;6976.0;-121.0;-207.0;86.0;-86.0;2438000.0;2435269.0;6976.0;-121.0;1217574.0;-1217695.0;1217695.0;2438.0;-293.0;6976000.0;6968903.0;3484305.0;3484598.0;-3484598.0
2081.0;-650.0;7154.0;57.0;-296.5;353.5;-353.5;2081000.0;2078269.0;7154.0;57.0;1039163.0;-1039106.0;1039106.0;2081.0;-650.0;7154000.0;7146903.0;3573126.5;3573776.5;-3573776.5
2112.0;-619.0;7129.0;32.0;-293.5;325.5;-325.5;2112000.0;2109269.0;7129.0;32.0;1054650.5;-1054618.5;1054618.5;2112.0;-619.0;7129000.0;7121903.0;3560642.0;3561261.0;-3561261.0
1710.0;-1021.0;7399.0;302.0;-359.5;661.5;-661.5;1710000.0;1707269.0;7399.0;302.0;853785.5;-853483.5;853483.5;1710.0;-1021.0;7399000.0;7391903.0;3695441.0;3696462.0;-3696462.0
2766.0;35.0;6848.0;-249.0;-107.0;-142.0;142.0;2766000.0;2763269.0;6848.0;-249.0;1381510.0;-1381759.0;1381759.0;2766.0;35.0;6848000.0;6840903.0;3420469.0;3420434.0;-3420434.0
4555.0;1824.0;6550.0;-547.0;638.5;-1185.5;1185.5;4555000.0;4552269.0;6550.0;-547.0;2275861.0;-2276408.0;2276408.0;4555.0;1824.0;6550000.0;6542903.0;3272363.5;3270539.5;-3270539.5
1507.0;-1224.0;7641.0;544.0;-340.0;884.0;-884.0;1507000.0;1504269.0;7641.0;544.0;752406.5;-751862.5;751862.5;1507.0;-1224.0;7641000.0;7633903.0;3816339.5;3817563.5;-3817563.5
3889.0;1158.0;6641.0;-456.0;351.0;-807.0;807.0;3889000.0;3886269.0;6641.0;-456.0;1942906.5;-1943362.5;1943362.5;3889.0;1158.0;6641000.0;6633903.0;3317530.5;3316372.5;-3316372.5
1297.0;-1434.0;8031.0;934.0;-250.0;1184.0;-1184.0;1297000.0;1294269.0;8031.0;934.0;647601.5;-646667.5;646667.5;1297.0;-1434.0;8031000.0;8023903.0;4011234.5;4012668.5;-4012668.5
5284.0;2553.0;6474.0;-623.0;965.0;-1588.0;1588.0;5284000.0;5281269.0;6474.0;-623.0;2640323.0;-2640946.0;2640946.0;5284.0;2553.0;6474000.0;6466903.0;3234728.0;3232175.0;-3232175.0
1466.0;-1265.0;7707.0;610.0;-327.5;937.5;-937.5;1466000.0;1463269.0;7707.0;610.0;731939.5;-731329.5;731329.5;1466.0;-1265.0;7707000.0;7699903.0;3849319.0;3850584.0;-3850584.0
3612.0;881.0;6678.0;-419.0;231.0;-650.0;650.0;3612000.0;3609269.0;6678.0;-419.0;1804425.0;-1804844.0;1804844.0;3612.0;881.0;6678000.0;6670903.0;3335892.0;3335011.0;-3335011.0
1584.0;-1147.0;7547.0;450.0;-348.5;798.5;-798.5;1584000.0;1581269.0;7547.0;450.0;790859.5;-790409.5;790409.5;1584.0;-1147.0;7547000.0;7539903.0;3769378.0;3770525.0;-3770525.0
4838.0;2107.0;6520.0;-577.0;765.0;-1342.0;1342.0;4838000.0;4835269.0;6520.0;-577.0;2417346.0;-2417923.0;2417923.0;4838.0;2107.0;6520000.0;6512903.0;3257505.0;3255398.0;-3255398.0
1282.0;-1449.0;8057.0;960.0;-244.5;1204.5;-1204.5;1282000.0;1279269.0;8057.0;960.0;640114.5;-639154.5;639154.5;1282.0;-1449.0;8057000.0;8049903.0;4024227.0;4025676.0;-4025676.0
3033.0;302.0;6795.0;-302.0;0.0;-302.0;302.0;3033000.0;3030269.0;6795.0;-302.0;1514983.5;-1515285.5;1515285.5;3033.0;302.0;6795000.0;6787903.0;3394102.5;3393800.5;-3393800.5
3923.0;1192.0;6635.0;-462.0;365.0;-827.0;827.0;3923000.0;3920269.0;6635.0;-462.0;1959903.5;-1960365.5;1960365.5;3923.0;1192.0;6635000.0;6627903.0;3314547.5;3313355.5;-3313355.5
2328.0;-403.0;7009.0;-88.0;-245.5;157.5;-157.5;2328000.0;2325269.0;7009.0;-88.0;1162590.5;-1162678.5;1162678.5;2328.0;-403.0;7009000.0;7001903.0;3500750.0;3501153.0;-3501153.0
3351.0;620.0;6722.0;-375.0;122.5;-497.5;497.5;3351000.0;3348269.0;6722.0;-375.0;1673947.0;-1674322.0;1674322.0;3351.0;620.0;6722000.0;6714903.0;3357761.5;3357141.5;-3357141.5
1611.0;-1120.0;7513.0;416.0;-352.0;768.0;-768.0;1611000.0;1608269.0;7513.0;416.0;804342.5;-803926.5;803926.5;1611.0;-1120.0;7513000.0;7505903.0;3752391.5;3753511.5;-3753511.5
2141.0;-590.0;7113.0;16.0;-287.0;303.0;-303.0;2141000.0;2138269.0;7113.0;16.0;1069142.5;-1069126.5;1069126.5;2141.0;-590.0;7113000.0;7105903.0;3552656.5;3553246.5;-3553246.5
5070.0;2339.0;6491.0;-606.0;866.5;-1472.5;1472.5;5070000.0;5067269.0;6491.0;-606.0;2533331.5;-2533937.5;2533937.5;5070.0;2339.0;6491000.0;6483903.0;3243121.0;3240782.0;-3240782.0
3515.0;784.0;6696.0;-401.0;191.5;-592.5;592.5;3515000.0;3512269.0;6696.0;-401.0;1755934.0;-1756335.0;1756335.0;3515.0;784.0;6696000.0;6688903.0;3344843.5;3344059.5;-3344059.5
4532.0;1801.0;6553.0;-544.0;628.5;-1172.5;1172.5;4532000.0;4529269.0;6553.0;-544.0;2264362.5;-2264906.5;2264906.5;4532.0;1801.0;6553000.0;6545903.0;3273852.0;3272051.0;-3272051.0
2660.0;-71.0;6875.0;-222.0;-146.5;-75.5;75.5;2660000.0;2657269.0;6875.0;-222.0;1328523.5;-1328745.5;1328745.5;2660.0;-71.0;6875000.0;6867903.0;3433916.0;3433987.0;-3433987.0
2534.0;-197.0;6926.0;-171.0;-184.0;13.0;-13.0;2534000.0;2531269.0;6926.0;-171.0;1265549.0;-1265720.0;1265720.0;2534.0;-197.0;6926000.0;6918903.0;3459353.0;3459550.0;-3459550.0
2469.0;-262.0;6959.0;-138.0;-200.0;62.0;-62.0;2469000.0;2466269.0;6959.0;-138.0;1233065.5;-1233203.5;1233203.5;2469.0;-262.0;6959000.0;6951903.0;3475820.5;3476082.5;-3476082.5
2395.0;-336.0;6993.0;-104.0;-220.0;116.0;-116.0;2395000.0;2392269.0;6993.0;-104.0;1196082.5;-1196186.5;1196186.5;2395.0;-336.0;6993000.0;6985903.0;3492783.5;3493119.5;-3493119.5
4191.0;1460.0;6602.0;-495.0;482.5;-977.5;977.5;4191000.0;4188269.0;6602.0;-495.0;2093887.0;-2094382.0;2094382.0;4191.0;1460.0;6602000.0;6594903.0;3298181.5;3296721.5;-3296721.5
1415.0;-1316.0;7789.0;692.0;-312.0;1004.0;-1004.0;1415000.0;1412269.0;7789.0;692.0;706480.5;-705788.5;705788.5;1415.0;-1316.0;7789000.0;7781903.0;3890293.5;3891609.5;-3891609.5
3855.0;1124.0;6642.0;-455.0;334.5;-789.5;789.5;3855000.0;3852269.0;6642.0;-455.0;1925907.0;-1926362.0;1926362.0;3855.0;1124.0;6642000.0;6634903.0;3318013.5;3316889.5;-3316889.5
1782.0;-949.0;7351.0;254.0;-347.5;601.5;-601.5;1782000.0;1779269.0;7351.0;254.0;889761.5;-889507.5;889507.5;1782.0;-949.0;7351000.0;7343903.0;3671477.0;3672426.0;-3672426.0
3286.0;555.0;6738.0;-359.0;98.0;-457.0;457.0;3286000.0;3283269.0;6738.0;-359.0;1641455.0;-1641814.0;1641814.0;3286.0;555.0;6738000.0;6730903.0;3365729.0;3365174.0;-3365174.0
1744.0;-987.0;7372.0;275.0;-356.0;631.0;-631.0;1744000.0;1741269.0;7372.0;275.0;870772.0;-870497.0;870497.0;1744.0;-987.0;7372000.0;7364903.0;3681958.0;3682945.0;-3682945.0
1537.0;-1194.0;7617.0;520.0;-337.0;857.0;-857.0;1537000.0;1534269.0;7617.0;520.0;767394.5;-766874.5;766874.5;1537.0;-1194.0;7617000.0;7609903.0;3804354.5;3805548.5;-3805548.5
5067.0;2336.0;6496.0;-601.0;867.5;-1468.5;1468.5;5067000.0;5064269.0;6496.0;-601.0;2531834.0;-2532435.0;2532435.0;5067.0;2336.0;6496000.0;6488903.0;3245619.5;3243283.5;-3243283.5
2458.0;-273.0;6970.0;-127.0;-200.0;73.0;-73.0;2458000.0;2455269.0;6970.0;-127.0;1227571.0;-1227698.0;1227698.0;2458.0;-273.0;6970000.0;6962903.0;3481315.0;3481588.0;-3481588.0
1936.0;-795.0;7228.0;131.0;-332.0;463.0;-463.0;1936000.0;1933269.0;7228.0;131.0;966700.0;-966569.0;966569.0;1936.0;-795.0;7228000.0;7220903.0;3610054.0;3610849.0;-3610849.0
1459.0;-1272.0;7723.0;626.0;-323.0;949.0;-949.0;1459000.0;1456269.0;7723.0;626.0;728447.5;-727821.5;727821.5;1459.0;-1272.0;7723000.0;7715903.0;3857315.5;3858587.5;-3858587.5
2563.0;-168.0;6916.0;-181.0;-174.5;-6.5;6.5;2563000.0;2560269.0;6916.0;-181.0;1280044.0;-1280225.0;1280225.0;2563.0;-168.0;6916000.0;6908903.0;3454367.5;3454535.5;-3454535.5
2597.0;-134.0;6905.0;-192.0;-163.0;-29.0;29.0;2597000.0;2594269.0;6905.0;-192.0;1297038.5;-1297230.5;1297230.5;2597.0;-134.0;6905000.0;6897903.0;3448884.5;3449018.5;-3449018.5
1215.0;-1516.0;8226.0;1129.0;-193.5;1322.5;-1322.5;1215000.0;1212269.0;8226.0;1129.0;606699.0;-605570.0;605570.0;1215.0;-1516.0;8226000.0;8218903.0;4108693.5;4110209.5;-4110209.5
2409.0;-322.0;6986.0;-111.0;-216.5;105.5;-105.5;2409000.0;2406269.0;6986.0;-111.0;1203079.0;-1203190.0;1203190.0;2409.0;-322.0;6986000.0;6978903.0;3489290.5;3489612.5;-3489612.5
2841.0;110.0;6834.0;-263.0;-76.5;-186.5;186.5;2841000.0;2838269.0;6834.0;-263.0;1419003.0;-1419266.0;1419266.0;2841.0;110.0;6834000.0;6826903.0;3413506.5;3413396.5;-3413396.5
4394.0;1663.0;6570.0;-527.0;568.0;-1095.0;1095.0;4394000.0;4391269.0;6570.0;-527.0;2195371.0;-2195898.0;2195898.0;4394.0;1663.0;6570000.0;6562903.0;3282283.0;3280620.0;-3280620.0
5524.0;2793.0;6459.0;-638.0;1077.5;-1715.5;1715.5;5524000.0;5521269.0;6459.0;-638.0;2760315.5;-2760953.5;2760953.5;5524.0;2793.0;6459000.0;6451903.0;3227348.0;3224555.0;-3224555.0
3350.0;619.0;6724.0;-373.0;123.0;-496.0;496.0;3350000.0;3347269.0;6724.0;-373.0;1673448.0;-1673821.0;1673821.0;3350.0;619.0;6724000.0;6716903.0;3358761.0;3358142.0;-3358142.0
1454.0;-1277.0;7737.0;640.0;-318.5;958.5;-958.5;1454000.0;1451269.0;7737.0;640.0;725954.5;-725314.5;725314.5;1454.0;-1277.0;7737000.0;7729903.0;3864313.0;3865590.0;-3865590.0
4404.0;1673.0;6569.0;-528.0;572.5;-1100.5;1100.5;4404000.0;4401269.0;6569.0;-528.0;2200370.5;-2200898.5;2200898.5;4404.0;1673.0;6569000.0;6561903.0;3281788.0;3280115.0;-3280115.0
3288.0;557.0;6737.0;-360.0;98.5;-458.5;458.5;3288000.0;3285269.0;6737.0;-360.0;1642454.5;-1642814.5;1642814.5;3288.0;557.0;6737000.0;6729903.0;3365230.0;3364673.0;-3364673.0
3187.0;456.0;6756.0;-341.0;57.5;-398.5;398.5;3187000.0;3184269.0;6756.0;-341.0;1591964.0;-1592305.0;1592305.0;3187.0;456.0;6756000.0;6748903.0;3374679.5;3374223.5;-3374223.5
2265.0;-466.0;7042.0;-55.0;-260.5;205.5;-205.5;2265000.0;2262269.0;7042.0;-55.0;1131107.0;-1131162.0;1131162.0;2265.0;-466.0;7042000.0;7034903.0;3517218.5;3517684.5;-3517684.5
1592.0;-1139.0;7538.0;441.0;-349.0;790.0;-790.0;1592000.0;1589269.0;7538.0;441.0;794855.0;-794414.0;794414.0;1592.0;-1139.0;7538000.0;7530903.0;3764882.0;3766021.0;-3766021.0
1379.0;-1352.0;7826.0;729.0;-311.5;1040.5;-1040.5;1379000.0;1376269.0;7826.0;729.0;688499.0;-687770.0;687770.0;1379.0;-1352.0;7826000.0;7818903.0;3908775.5;3910127.5;-3910127.5
4423.0;1692.0;6567.0;-530.0;581.0;-1111.0;1111.0;4423000.0;4420269.0;6567.0;-530.0;2209869.5;-2210399.5;2210399.5;4423.0;1692.0;6567000.0;6559903.0;3280797.5;3279105.5;-3279105.5
2625.0;-106.0;6894.0;-203.0;-154.5;-48.5;48.5;2625000.0;2622269.0;6894.0;-203.0;1311033.0;-1311236.0;1311236.0;2625.0;-106.0;6894000.0;6886903.0;3443398.5;3443504.5;-3443504.5
2944.0;213.0;6818.0;-279.0;-33.0;-246.0;246.0;2944000.0;2941269.0;6818.0;-279.0;1470495.0;-1470774.0;1470774.0;2944.0;213.0;6818000.0;6810903.0;3405558.0;3405345.0;-3405345.0
1406.0;-1325.0;7800.0;703.0;-311.0;1014.0;-1014.0;1406000.0;1403269.0;7800.0;703.0;701986.0;-701283.0;701283.0;1406.0;-1325.0;7800000.0;7792903.0;3895789.0;3897114.0;-3897114.0
1754.0;-977.0;7361.0;264.0;-356.5;620.5;-620.5;1754000.0;1751269.0;7361.0;264.0;875766.5;-875502.5;875502.5;1754.0;-977.0;7361000.0;7353903.0;3676463.0;3677440.0;-3677440.0
1342.0;-1389.0;7885.0;788.0;-300.5;1088.5;-1088.5;1342000.0;1339269.0;7885.0;788.0;670028.5;-669240.5;669240.5;1342.0;-1389.0;7885000.0;7877903.0;3938257.0;3939646.0;-3939646.0
1630.0;-1101.0;7477.0;380.0;-360.5;740.5;-740.5;1630000.0;1627269.0;7477.0;380.0;813824.5;-813444.5;813444.5;1630.0;-1101.0;7477000.0;7469903.0;3734401.0;3735502.0;-3735502.0
2530.0;-201.0;6928.0;-169.0;-185.0;16.0;-16.0;2530000.0;2527269.0;6928.0;-169.0;1263550.0;-1263719.0;1263719.0;2530.0;-201.0;6928000.0;6920903.0;3460351.0;3460552.0;-3460552.0
4347.0;1616.0;6578.0;-519.0;548.5;-1067.5;1067.5;4347000.0;4344269.0;6578.0;-519.0;2171875.0;-2172394.0;2172394.0;4347.0;1616.0;6578000.0;6570903.0;3286259.5;3284643.5;-3284643.5
2171.0;-560.0;7081.0;-16.0;-288.0;272.0;-272.0;2171000.0;2168269.0;7081.0;-16.0;1084126.5;-1084142.5;1084142.5;2171.0;-560.0;7081000.0;7073903.0;3536671.5;3537231.5;-3537231.5
1368.0;-1363.0;7847.0;750.0;-306.5;1056.5;-1056.5;1368000.0;1365269.0;7847.0;750.0;683009.5;-682259.5;682259.5;1368.0;-1363.0;7847000.0;7839903.0;3919270.0;3920633.0;-3920633.0
2151.0;-580.0;7105.0;8.0;-286.0;294.0;-294.0;2151000.0;2148269.0;7105.0;8.0;1074138.5;-1074130.5;1074130.5;2151.0;-580.0;7105000.0;7097903.0;3548661.5;3549241.5;-3549241.5
4919.0;2188.0;6510.0;-587.0;800.5;-1387.5;1387.5;4919000.0;4916269.0;6510.0;-587.0;2457841.0;-2458428.0;2458428.0;4919.0;2188.0;6510000.0;6502903.0;3252545.5;3250357.5;-3250357.5
2060.0;-671.0;7160.0;63.0;-304.0;367.0;-367.0;2060000.0;2057269.0;7160.0;63.0;1028666.0;-1028603.0;1028603.0;2060.0;-671.0;7160000.0;7152903.0;3576116.0;3576787.0;-3576787.0
3770.0;1039.0;6651.0;-446.0;296.5;-742.5;742.5;3770000.0;3767269.0;6651.0;-446.0;1883411.5;-1883857.5;1883857.5;3770.0;1039.0;6651000.0;6643903.0;3322471.0;3321432.0;-3321432.0
2477.0;-254.0;6954.0;-143.0;-198.5;55.5;-55.5;2477000.0;2474269.0;6954.0;-143.0;1237063.0;-1237206.0;1237206.0;2477.0;-254.0;6954000.0;6946903.0;3473324.5;3473578.5;-3473578.5
1423.0;-1308.0;7785.0;688.0;-310.0;998.0;-998.0;1423000.0;1420269.0;7785.0;688.0;710478.5;-709790.5;709790.5;1423.0;-1308.0;7785000.0;7777903.0;3888297.5;3889605.5;-3889605.5
4993.0;2262.0;6501.0;-596.0;833.0;-1429.0;1429.0;4993000.0;4990269.0;6501.0;-596.0;2494836.5;-2495432.5;2495432.5;4993.0;2262.0;6501000.0;6493903.0;3248082.5;3245820.5;-3245820.5
3135.0;404.0;6771.0;-326.0;39.0;-365.0;365.0;3135000.0;3132269.0;6771.0;-326.0;1565971.5;-1566297.5;1566297.5;3135.0;404.0;6771000.0;6763903.0;3382153.5;3381749.5;-3381749.5
2546.0;-185.0;6924.0;-173.0;-179.0;6.0;-6.0;2546000.0;2543269.0;6924.0;-173.0;1271548.0;-1271721.0;1271721.0;2546.0;-185.0;6924000.0;6916903.0;3458359.0;3458544.0;-3458544.0
4831.0;2100.0;6522.0;-575.0;762.5;-1337.5;1337.5;4831000.0;4828269.0;6522.0;-575.0;2413847.0;-2414422.0;2414422.0;4831.0;2100.0;6522000.0;6514903.0;3258501.5;3256401.5;-3256401.5
5177.0;2446.0;6483.0;-614.0;916.0;-1530.0;1530.0;5177000.0;5174269.0;6483.0;-614.0;2586827.5;-2587441.5;2587441.5;5177.0;2446.0;6483000.0;6475903.0;3239174.5;3236728.5;-3236728.5
1600.0;-1131.0;7535.0;438.0;-346.5;784.5;-784.5;1600000.0;1597269.0;7535.0;438.0;798853.5;-798415.5;798415.5;1600.0;-1131.0;7535000.0;7527903.0;3763386.0;3764517.0;-3764517.0
1572.0;-1159.0;7558.0;461.0;-349.0;810.0;-810.0;1572000.0;1569269.0;7558.0;461.0;784865.0;-784404.0;784404.0;1572.0;-1159.0;7558000.0;7550903.0;3774872.0;3776031.0;-3776031.0
4091.0;1360.0;6620.0;-477.0;441.5;-918.5;918.5;4091000.0;4088269.0;6620.0;-477.0;2043896.0;-2044373.0;2044373.0;4091.0;1360.0;6620000.0;6612903.0;3307131.5;3305771.5;-3305771.5
1251.0;-1480.0;8152.0;1055.0;-212.5;1267.5;-1267.5;1251000.0;1248269.0;8152.0;1055.0;624662.0;-623607.0;623607.0;1251.0;-1480.0;8152000.0;8144903.0;4071711.5;4073191.5;-4073191.5
2389.0;-342.0;6994.0;-103.0;-222.5;119.5;-119.5;2389000.0;2386269.0;6994.0;-103.0;1193083.0;-1193186.0;1193186.0;2389.0;-342.0;6994000.0;6986903.0;3493280.5;3493622.5;-3493622.5
1345.0;-1386.0;7876.0;779.0;-303.5;1082.5;-1082.5;1345000.0;1342269.0;7876.0;779.0;671524.0;-670745.0;670745.0;1345.0;-1386.0;7876000.0;7868903.0;3933758.5;3935144.5;-3935144.5
1264.0;-1467.0;8090.0;993.0;-237.0;1230.0;-1230.0;1264000.0;1261269.0;8090.0;993.0;631131.0;-630138.0;630138.0;1264.0;-1467.0;8090000.0;8082903.0;4040718.0;4042185.0;-4042185.0
1413.0;-1318.0;7791.0;694.0;-312.0;1006.0;-1006.0;1413000.0;1410269.0;7791.0;694.0;705481.5;-704787.5;704787.5;1413.0;-1318.0;7791000.0;7783903.0;3891292.5;3892610.5;-3892610.5
2016.0;-715.0;7182.0;85.0;-315.0;400.0;-400.0;2016000.0;2013269.0;7182.0;85.0;1006677.0;-1006592.0;1006592.0;2016.0;-715.0;7182000.0;7174903.0;3587094.0;3587809.0;-3587809.0
1254.0;-1477.0;8113.0;1016.0;-230.5;1246.5;-1246.5;1254000.0;1251269.0;8113.0;1016.0;626142.5;-625126.5;625126.5;1254.0;-1477.0;8113000.0;8105903.0;4052213.0;4053690.0;-4053690.0
3047.0;316.0;6791.0;-306.0;5.0;-311.0;311.0;3047000.0;3044269.0;6791.0;-306.0;1521981.5;-1522287.5;1522287.5;3047.0;316.0;6791000.0;6783903.0;3392109.5;3391793.5;-3391793.5
3435.0;704.0;6706.0;-391.0;156.5;-547.5;547.5;3435000.0;3432269.0;6706.0;-391.0;1715939.0;-1716330.0;1716330.0;3435.0;704.0;6706000.0;6698903.0;3349803.5;3349099.5;-3349099.5
2847.0;116.0;6833.0;-264.0;-74.0;-190.0;190.0;2847000.0;2844269.0;6833.0;-264.0;1422002.5;-1422266.5;1422266.5;2847.0;116.0;6833000.0;6825903.0;3413009.5;3412893.5;-3412893.5
1571.0;-1160.0;7561.0;464.0;-348.0;812.0;-812.0;1571000.0;1568269.0;7561.0;464.0;784366.5;-783902.5;783902.5;1571.0;-1160.0;7561000.0;7553903.0;3776371.5;3777531.5;-3777531.5
1207.0;-1524.0;8260.0;1163.0;-180.5;1343.5;-1343.5;1207000.0;1204269.0;8260.0;1163.0;602716.0;-601553.0;601553.0;1207.0;-1524.0;8260000.0;8252903.0;4125689.5;4127213.5;-4127213.5
3161.0;430.0;6762.0;-335.0;47.5;-382.5;382.5;3161000.0;3158269.0;6762.0;-335.0;1578967.0;-1579302.0;1579302.0;3161.0;430.0;6762000.0;6754903.0;3377666.5;3377236.5;-3377236.5
4732.0;2001.0;6532.0;-565.0;718.0;-1283.0;1283.0;4732000.0;4729269.0;6532.0;-565.0;2364352.0;-2364917.0;2364917.0;4732.0;2001.0;6532000.0;6524903.0;3263452.0;3261451.0;-3261451.0
1583.0;-1148.0;7552.0;455.0;-346.5;801.5;-801.5;1583000.0;1580269.0;7552.0;455.0;790362.0;-789907.0;789907.0;1583.0;-1148.0;7552000.0;7544903.0;3771877.5;3773025.5;-3773025.5
2253.0;-478.0;7049.0;-48.0;-263.0;215.0;-215.0;2253000.0;2250269.0;7049.0;-48.0;1125110.5;-1125158.5;1125158.5;2253.0;-478.0;7049000.0;7041903.0;3520712.5;3521190.5;-3521190.5
2510.0;-221.0;6942.0;-155.0;-188.0;33.0;-33.0;2510000.0;2507269.0;6942.0;-155.0;1253557.0;-1253712.0;1253712.0;2510.0;-221.0;6942000.0;6934903.0;3467341.0;3467562.0;-3467562.0
1786.0;-945.0;7343.0;246.0;-349.5;595.5;-595.5;1786000.0;1783269.0;7343.0;246.0;891757.5;-891511.5;891511.5;1786.0;-945.0;7343000.0;7335903.0;3667479.0;3668424.0;-3668424.0
1477.0;-1254.0;7681.0;584.0;-335.0;919.0;-919.0;1477000.0;1474269.0;7681.0;584.0;737426.5;-736842.5;736842.5;1477.0;-1254.0;7681000.0;7673903.0;3836324.5;3837578.5;-3837578.5
2359.0;-372.0;7000.0;-97.0;-234.5;137.5;-137.5;2359000.0;2356269.0;7000.0;-97.0;1178086.0;-1178183.0;1178183.0;2359.0;-372.0;7000000.0;6992903.0;3496265.5;3496637.5;-3496637.5
5612.0;2881.0;6458.0;-639.0;1121.0;-1760.0;1760.0;5612000.0;5609269.0;6458.0;-639.0;2804315.0;-2804954.0;2804954.0;5612.0;2881.0;6458000.0;6450903.0;3226892.0;3224011.0;-3224011.0
2468.0;-263.0;6964.0;-133.0;-198.0;65.0;-65.0;2468000.0;2465269.0;6964.0;-133.0;1232568.0;-1232701.0;1232701.0;2468.0;-263.0;6964000.0;6956903.0;3478320.0;3478583.0;-3478583.0
1723.0;-1008.0;7395.0;298.0;-355.0;653.0;-653.0;1723000.0;1720269.0;7395.0;298.0;860283.5;-859985.5;859985.5;1723.0;-1008.0;7395000.0;7387903.0;3693447.5;3694455.5;-3694455.5
1574.0;-1157.0;7556.0;459.0;-349.0;808.0;-808.0;1574000.0;1571269.0;7556.0;459.0;785864.0;-785405.0;785405.0;1574.0;-1157.0;7556000.0;7548903.0;3773873.0;3775030.0;-3775030.0
4890.0;2159.0;6514.0;-583.0;788.0;-1371.0;1371.0;4890000.0;4887269.0;6514.0;-583.0;2443343.0;-2443926.0;2443926.0;4890.0;2159.0;6514000.0;6506903.0;3254531.0;3252372.0;-3252372.0
4269.0;1538.0;6590.0;-507.0;515.5;-1022.5;1022.5;4269000.0;4266269.0;6590.0;-507.0;2132881.0;-2133388.0;2133388.0;4269.0;1538.0;6590000.0;6582903.0;3292220.5;3290682.5;-3290682.5
2904.0;173.0;6826.0;-271.0;-49.0;-222.0;222.0;2904000.0;2901269.0;6826.0;-271.0;1450499.0;-1450770.0;1450770.0;2904.0;173.0;6826000.0;6818903.0;3409538.0;3409365.0;-3409365.0
1625.0;-1106.0;7487.0;390.0;-358.0;748.0;-748.0;1625000.0;1622269.0;7487.0;390.0;811329.5;-810939.5;810939.5;1625.0;-1106.0;7487000.0;7479903.0;3739398.5;3740504.5;-3740504.5
1580.0;-1151.0;7554.0;457.0;-347.0;804.0;-804.0;1580000.0;1577269.0;7554.0;457.0;788863.0;-788406.0;788406.0;1580.0;-1151.0;7554000.0;7546903.0;3772876.0;3774027.0;-3774027.0
4225.0;1494.0;6597.0;-500.0;497.0;-997.0;997.0;4225000.0;4222269.0;6597.0;-500.0;2110884.5;-2111384.5;2111384.5;4225.0;1494.0;6597000.0;6589903.0;3295698.5;3294204.5;-3294204.5
4408.0;1677.0;6568.0;-529.0;574.0;-1103.0;1103.0;4408000.0;4405269.0;6568.0;-529.0;2202370.0;-2202899.0;2202899.0;4408.0;1677.0;6568000.0;6560903.0;3281290.0;3279613.0;-3279613.0
2142.0;-589.0;7106.0;9.0;-290.0;299.0;-299.0;2142000.0;2139269.0;7106.0;9.0;1069639.0;-1069630.0;1069630.0;2142.0;-589.0;7106000.0;7098903.0;3549157.0;3549746.0;-3549746.0
1301.0;-1430.0;8024.0;927.0;-251.5;1178.5;-1178.5;1301000.0;1298269.0;8024.0;927.0;649598.0;-648671.0;648671.0;1301.0;-1430.0;8024000.0;8016903.0;4007736.5;4009166.5;-4009166.5
2216.0;-515.0;7064.0;-33.0;-274.0;241.0;-241.0;2216000.0;2213269.0;7064.0;-33.0;1106618.0;-1106651.0;1106651.0;2216.0;-515.0;7064000.0;7056903.0;3528194.0;3528709.0;-3528709.0
2617.0;-114.0;6899.0;-198.0;-156.0;-42.0;42.0;2617000.0;2614269.0;6899.0;-198.0;1307035.5;-1307233.5;1307233.5;2617.0;-114.0;6899000.0;6891903.0;3445894.5;3446008.5;-3446008.5
1467.0;-1264.0;7704.0;607.0;-328.5;935.5;-935.5;1467000.0;1464269.0;7704.0;607.0;732438.0;-731831.0;731831.0;1467.0;-1264.0;7704000.0;7696903.0;3847819.5;3849083.5;-3849083.5
1884.0;-847.0;7262.0;165.0;-341.0;506.0;-506.0;1884000.0;1881269.0;7262.0;165.0;940717.0;-940552.0;940552.0;1884.0;-847.0;7262000.0;7254903.0;3627028.0;3627875.0;-3627875.0
2754.0;23.0;6853.0;-244.0;-110.5;-133.5;133.5;2754000.0;2751269.0;6853.0;-244.0;1375512.5;-1375756.5;1375756.5;2754.0;23.0;6853000.0;6845903.0;3422963.0;3422940.0;-3422940.0
2548.0;-183.0;6923.0;-174.0;-178.5;4.5;-4.5;2548000.0;2545269.0;6923.0;-174.0;1272547.5;-1272721.5;1272721.5;2548.0;-183.0;6923000.0;6915903.0;3457860.0;3458043.0;-3458043.0
4247.0;1516.0;6592.0;-505.0;505.5;-1010.5;1010.5;4247000.0;4244269.0;6592.0;-505.0;2121882.0;-2122387.0;2122387.0;4247.0;1516.0;6592000.0;6584903.0;3293209.5;3291693.5;-3291693.5
4629.0;1898.0;6546.0;-551.0;673.5;-1224.5;1224.5;4629000.0;4626269.0;6546.0;-551.0;2312859.0;-2313410.0;2313410.0;4629.0;1898.0;6546000.0;6538903.0;3270400.5;3268502.5;-3268502.5
1309.0;-1422.0;8004.0;907.0;-257.5;1164.5;-1164.5;1309000.0;1306269.0;8004.0;907.0;653588.0;-652681.0;652681.0;1309.0;-1422.0;8004000.0;7996903.0;3997740.5;3999162.5;-3999162.5
2343.0;-388.0;7008.0;-89.0;-238.5;149.5;-149.5;2343000.0;2340269.0;7008.0;-89.0;1170090.0;-1170179.0;1170179.0;2343.0;-388.0;7008000.0;7000903.0;3500257.5;3500645.5;-3500645.5
4767.0;2036.0;6530.0;-567.0;734.5;-1301.5;1301.5;4767000.0;4764269.0;6530.0;-567.0;2381851.0;-2382418.0;2382418.0;4767.0;2036.0;6530000.0;6522903.0;3262469.5;3260433.5;-3260433.5
4597.0;1866.0;6547.0;-550.0;658.0;-1208.0;1208.0;4597000.0;4594269.0;6547.0;-550.0;2296859.5;-2297409.5;2297409.5;4597.0;1866.0;6547000.0;6539903.0;3270884.5;3269018.5;-3269018.5
1705.0;-1026.0;7407.0;310.0;-358.0;668.0;-668.0;1705000.0;1702269.0;7407.0;310.0;851289.5;-850979.5;850979.5;1705.0;-1026.0;7407000.0;7399903.0;3699438.5;3700464.5;-3700464.5
1708.0;-1023.0;7405.0;308.0;-357.5;665.5;-665.5;1708000.0;1705269.0;7405.0;308.0;852788.5;-852480.5;852480.5;1708.0;-1023.0;7405000.0;7397903.0;3698440.0;3699463.0;-3699463.0
3062.0;331.0;6786.0;-311.0;10.0;-321.0;321.0;3062000.0;3059269.0;6786.0;-311.0;1529479.0;-1529790.0;1529790.0;3062.0;331.0;6786000.0;6778903.0;3389617.0;3389286.0;-3389286.0
2312.0;-419.0;7017.0;-80.0;-249.5;169.5;-169.5;2312000.0;2309269.0;7017.0;-80.0;1154594.5;-1154674.5;1154674.5;2312.0;-419.0;7017000.0;7009903.0;3504742.0;3505161.0;-3505161.0
2515.0;-216.0;6936.0;-161.0;-188.5;27.5;-27.5;2515000.0;2512269.0;6936.0;-161.0;1256054.0;-1256215.0;1256215.0;2515.0;-216.0;6936000.0;6928903.0;3464343.5;3464559.5;-3464559.5
1299.0;-1432.0;8028.0;931.0;-250.5;1181.5;-1181.5;1299000.0;1296269.0;8028.0;931.0;648600.0;-647669.0;647669.0;1299.0;-1432.0;8028000.0;8020903.0;4009735.5;4011167.5;-4011167.5
4668.0;1937.0;6542.0;-555.0;691.0;-1246.0;1246.0;4668000.0;4665269.0;6542.0;-555.0;2332357.0;-2332912.0;2332912.0;4668.0;1937.0;6542000.0;6534903.0;3268420.0;3266483.0;-3266483.0
1498.0;-1233.0;7651.0;554.0;-339.5;893.5;-893.5;1498000.0;1495269.0;7651.0;554.0;747911.5;-747357.5;747357.5;1498.0;-1233.0;7651000.0;7643903.0;3821335.0;3822568.0;-3822568.0
2934.0;203.0;6820.0;-277.0;-37.0;-240.0;240.0;2934000.0;2931269.0;6820.0;-277.0;1465496.0;-1465773.0;1465773.0;2934.0;203.0;6820000.0;6812903.0;3406553.0;3406350.0;-3406350.0
1762.0;-969.0;7358.0;261.0;-354.0;615.0;-615.0;1762000.0;1759269.0;7358.0;261.0;879765.0;-879504.0;879504.0;1762.0;-969.0;7358000.0;7350903.0;3674967.0;3675936.0;-3675936.0
1838.0;-893.0;7300.0;203.0;-345.0;548.0;-548.0;1838000.0;1835269.0;7300.0;203.0;917736.0;-917533.0;917533.0;1838.0;-893.0;7300000.0;7292903.0;3646005.0;3646898.0;-3646898.0
2226.0;-505.0;7058.0;-39.0;-272.0;233.0;-233.0;2226000.0;2223269.0;7058.0;-39.0;1111615.0;-1111654.0;1111654.0;2226.0;-505.0;7058000.0;7050903.0;3525199.0;3525704.0;-3525704.0
2152.0;-579.0;7098.0;1.0;-289.0;290.0;-290.0;2152000.0;2149269.0;7098.0;1.0;1074635.0;-1074634.0;1074634.0;2152.0;-579.0;7098000.0;7090903.0;3545162.0;3545741.0;-3545741.0
1457.0;-1274.0;7724.0;627.0;-323.5;950.5;-950.5;1457000.0;1454269.0;7724.0;627.0;727448.0;-726821.0;726821.0;1457.0;-1274.0;7724000.0;7716903.0;3857814.5;3859088.5;-3859088.5
3212.0;481.0;6754.0;-343.0;69.0;-412.0;412.0;3212000.0;3209269.0;6754.0;-343.0;1604463.0;-1604806.0;1604806.0;3212.0;481.0;6754000.0;6746903.0;3373692.0;3373211.0;-3373211.0
4950.0;2219.0;6505.0;-592.0;813.5;-1405.5;1405.5;4950000.0;4947269.0;6505.0;-592.0;2473338.5;-2473930.5;2473930.5;4950.0;2219.0;6505000.0;6497903.0;3250061.0;3247842.0;-3247842.0
2506.0;-225.0;6944.0;-153.0;-189.0;36.0;-36.0;2506000.0;2503269.0;6944.0;-153.0;1251558.0;-1251711.0;1251711.0;2506.0;-225.0;6944000.0;6936903.0;3468339.0;3468564.0;-3468564.0
1841.0;-890.0;7295.0;198.0;-346.0;544.0;-544.0;1841000.0;1838269.0;7295.0;198.0;919233.5;-919035.5;919035.5;1841.0;-890.0;7295000.0;7287903.0;3643506.5;3644396.5;-3644396.5
3128.0;397.0;6772.0;-325.0;36.0;-361.0;361.0;3128000.0;3125269.0;6772.0;-325.0;1562472.0;-1562797.0;1562797.0;3128.0;397.0;6772000.0;6764903.0;3382650.0;3382253.0;-3382253.0
1418.0;-1313.0;7788.0;691.0;-311.0;1002.0;-1002.0;1418000.0;1415269.0;7788.0;691.0;707980.0;-707289.0;707289.0;1418.0;-1313.0;7788000.0;7780903.0;3889795.0;3891108.0;-3891108.0
3150.0;419.0;6768.0;-329.0;45.0;-374.0;374.0;3150000.0;3147269.0;6768.0;-329.0;1573470.0;-1573799.0;1573799.0;3150.0;419.0;6768000.0;6760903.0;3380661.0;3380242.0;-3380242.0
3568.0;837.0;6687.0;-410.0;213.5;-623.5;623.5;3568000.0;3565269.0;6687.0;-410.0;1782429.5;-1782839.5;1782839.5;3568.0;837.0;6687000.0;6679903.0;3340370.0;3339533.0;-3339533.0
2679.0;-52.0;6873.0;-224.0;-138.0;-86.0;86.0;2679000.0;2676269.0;6873.0;-224.0;1338022.5;-1338246.5;1338246.5;2679.0;-52.0;6873000.0;6865903.0;3432925.5;3432977.5;-3432977.5
2978.0;247.0;6808.0;-289.0;-21.0;-268.0;268.0;2978000.0;2975269.0;6808.0;-289.0;1487490.0;-1487779.0;1487779.0;2978.0;247.0;6808000.0;6800903.0;3400575.0;3400328.0;-3400328.0
2249.0;-482.0;7050.0;-47.0;-264.5;217.5;-217.5;2249000.0;2246269.0;7050.0;-47.0;1123111.0;-1123158.0;1123158.0;2249.0;-482.0;7050000.0;7042903.0;3521210.5;3521692.5;-3521692.5
1951.0;-780.0;7221.0;124.0;-328.0;452.0;-452.0;1951000.0;1948269.0;7221.0;124.0;974196.5;-974072.5;974072.5;1951.0;-780.0;7221000.0;7213903.0;3606561.5;3607341.5;-3607341.5
3264.0;533.0;6739.0;-358.0;87.5;-445.5;445.5;3264000.0;3261269.0;6739.0;-358.0;1630455.5;-1630813.5;1630813.5;3264.0;533.0;6739000.0;6731903.0;3366218.0;3365685.0;-3365685.0
3321.0;590.0;6727.0;-370.0;110.0;-480.0;480.0;3321000.0;3318269.0;6727.0;-370.0;1658949.5;-1659319.5;1659319.5;3321.0;590.0;6727000.0;6719903.0;3360246.5;3359656.5;-3359656.5
4190.0;1459.0;6603.0;-494.0;482.5;-976.5;976.5;4190000.0;4187269.0;6603.0;-494.0;2093387.5;-2093881.5;2093881.5;4190.0;1459.0;6603000.0;6595903.0;3298681.0;3297222.0;-3297222.0
4358.0;1627.0;6574.0;-523.0;552.0;-1075.0;1075.0;4358000.0;4355269.0;6574.0;-523.0;2177373.0;-2177896.0;2177896.0;4358.0;1627.0;6574000.0;6566903.0;3284265.0;3282638.0;-3282638.0
4140.0;1409.0;6609.0;-488.0;460.5;-948.5;948.5;4140000.0;4137269.0;6609.0;-488.0;2068390.5;-2068878.5;2068878.5;4140.0;1409.0;6609000.0;6601903.0;3301656.0;3300247.0;-3300247.0
2303.0;-428.0;7021.0;-76.0;-252.0;176.0;-176.0;2303000.0;2300269.0;7021.0;-76.0;1150096.5;-1150172.5;1150172.5;2303.0;-428.0;7021000.0;7013903.0;3506737.5;3507165.5;-3507165.5
1420.0;-1311.0;7787.0;690.0;-310.5;1000.5;-1000.5;1420000.0;1417269.0;7787.0;690.0;708979.5;-708289.5;708289.5;1420.0;-1311.0;7787000.0;7779903.0;3889296.0;3890607.0;-3890607.0
2605.0;-126.0;6901.0;-196.0;-161.0;-35.0;35.0;2605000.0;2602269.0;6901.0;-196.0;1301036.5;-1301232.5;1301232.5;2605.0;-126.0;6901000.0;6893903.0;3446888.5;3447014.5;-3447014.5
4183.0;1452.0;6605.0;-492.0;480.0;-972.0;972.0;4183000.0;4180269.0;6605.0;-492.0;2089888.5;-2090380.5;2090380.5;4183.0;1452.0;6605000.0;6597903.0;3299677.5;3298225.5;-3298225.5
3426.0;695.0;6710.0;-387.0;154.0;-541.0;541.0;3426000.0;3423269.0;6710.0;-387.0;1711441.0;-1711828.0;1711828.0;3426.0;695.0;6710000.0;6702903.0;3351799.0;3351104.0;-3351104.0
2104.0;-627.0;7143.0;46.0;-290.5;336.5;-336.5;2104000.0;2101269.0;7143.0;46.0;1050657.5;-1050611.5;1050611.5;2104.0;-627.0;7143000.0;7135903.0;3567638.0;3568265.0;-3568265.0
5158.0;2427.0;6487.0;-610.0;908.5;-1518.5;1518.5;5158000.0;5155269.0;6487.0;-610.0;2577329.5;-2577939.5;2577939.5;5158.0;2427.0;6487000.0;6479903.0;3241165.0;3238738.0;-3238738.0
1304.0;-1427.0;8008.0;911.0;-258.0;1169.0;-1169.0;1304000.0;1301269.0;8008.0;911.0;651090.0;-650179.0;650179.0;1304.0;-1427.0;8008000.0;8000903.0;3999738.0;4001165.0;-4001165.0
4290.0;1559.0;6587.0;-510.0;524.5;-1034.5;1034.5;4290000.0;4287269.0;6587.0;-510.0;2143379.5;-2143889.5;2143889.5;4290.0;1559.0;6587000.0;6579903.0;3290731.0;3289172.0;-3289172.0
1632.0;-1099.0;7475.0;378.0;-360.5;738.5;-738.5;1632000.0;1629269.0;7475.0;378.0;814823.5;-814445.5;814445.5;1632.0;-1099.0;7475000.0;7467903.0;3733402.0;3734501.0;-3734501.0
3259.0;528.0;6745.0;-352.0;88.0;-440.0;440.0;3259000.0;3256269.0;6745.0;-352.0;1627958.5;-1628310.5;1628310.5;3259.0;528.0;6745000.0;6737903.0;3369215.5;3368687.5;-3368687.5
3297.0;566.0;6735.0;-362.0;102.0;-464.0;464.0;3297000.0;3294269.0;6735.0;-362.0;1646953.5;-1647315.5;1647315.5;3297.0;566.0;6735000.0;6727903.0;3364234.5;3363668.5;-3363668.5
1555.0;-1176.0;7577.0;480.0;-348.0;828.0;-828.0;1555000.0;1552269.0;7577.0;480.0;776374.5;-775894.5;775894.5;1555.0;-1176.0;7577000.0;7569903.0;3784363.5;3785539.5;-3785539.5
1347.0;-1384.0;7874.0;777.0;-303.5;1080.5;-1080.5;1347000.0;1344269.0;7874.0;777.0;672523.0;-671746.0;671746.0;1347.0;-1384.0;7874000.0;7866903.0;3932759.5;3934143.5;-3934143.5
3609.0;878.0;6679.0;-418.0;230.0;-648.0;648.0;3609000.0;3606269.0;6679.0;-418.0;1802925.5;-1803343.5;1803343.5;3609.0;878.0;6679000.0;6671903.0;3336390.5;3335512.5;-3335512.5
2448.0;-283.0;6973.0;-124.0;-203.5;79.5;-79.5;2448000.0;2445269.0;6973.0;-124.0;1222572.5;-1222696.5;1222696.5;2448.0;-283.0;6973000.0;6965903.0;3482810.0;3483093.0;-3483093.0
4783.0;2052.0;6526.0;-571.0;740.5;-1311.5;1311.5;4783000.0;4780269.0;6526.0;-571.0;2389849.0;-2390420.0;2390420.0;4783.0;2052.0;6526000.0;6518903.0;3260477.5;3258425.5;-3258425.5
2170.0;-561.0;7088.0;-9.0;-285.0;276.0;-276.0;2170000.0;2167269.0;7088.0;-9.0;1083630.0;-1083639.0;1083639.0;2170.0;-561.0;7088000.0;7080903.0;3540171.0;3540732.0;-3540732.0
5802.0;3071.0;6454.0;-643.0;1214.0;-1857.0;1857.0;5802000.0;5799269.0;6454.0;-643.0;2899313.0;-2899956.0;2899956.0;5802.0;3071.0;6454000.0;6446903.0;3224987.0;3221916.0;-3221916.0
1603.0;-1128.0;7525.0;428.0;-350.0;778.0;-778.0;1603000.0;1600269.0;7525.0;428.0;800348.5;-799920.5;799920.5;1603.0;-1128.0;7525000.0;7517903.0;3758387.5;3759515.5;-3759515.5
1983.0;-748.0;7201.0;104.0;-322.0;426.0;-426.0;1983000.0;1980269.0;7201.0;104.0;990186.5;-990082.5;990082.5;1983.0;-748.0;7201000.0;7193903.0;3596577.5;3597325.5;-3597325.5
1920.0;-811.0;7241.0;144.0;-333.5;477.5;-477.5;1920000.0;1917269.0;7241.0;144.0;958706.5;-958562.5;958562.5;1920.0;-811.0;7241000.0;7233903.0;3616546.0;3617357.0;-3617357.0
4690.0;1959.0;6540.0;-557.0;701.0;-1258.0;1258.0;4690000.0;4687269.0;6540.0;-557.0;2343356.0;-2343913.0;2343913.0;4690.0;1959.0;6540000.0;6532903.0;3267431.0;3265472.0;-3265472.0
3843.0;1112.0;6648.0;-449.0;331.5;-780.5;780.5;3843000.0;3840269.0;6648.0;-449.0;1919910.0;-1920359.0;1920359.0;3843.0;1112.0;6648000.0;6640903.0;3321007.5;3319895.5;-3319895.5
1792.0;-939.0;7341.0;244.0;-347.5;591.5;-591.5;1792000.0;1789269.0;7341.0;244.0;894756.5;-894512.5;894512.5;1792.0;-939.0;7341000.0;7333903.0;3666482.0;3667421.0;-3667421.0
2232.0;-499.0;7056.0;-41.0;-270.0;229.0;-229.0;2232000.0;2229269.0;7056.0;-41.0;1114614.0;-1114655.0;1114655.0;2232.0;-499.0;7056000.0;7048903.0;3524202.0;3524701.0;-3524701.0
2026.0;-705.0;7177.0;80.0;-312.5;392.5;-392.5;2026000.0;2023269.0;7177.0;80.0;1011674.5;-1011594.5;1011594.5;2026.0;-705.0;7177000.0;7169903.0;3584599.0;3585304.0;-3585304.0
3970.0;1239.0;6634.0;-463.0;388.0;-851.0;851.0;3970000.0;3967269.0;6634.0;-463.0;1983403.0;-1983866.0;1983866.0;3970.0;1239.0;6634000.0;6626903.0;3314071.0;3312832.0;-3312832.0
2587.0;-144.0;6906.0;-191.0;-167.5;-23.5;23.5;2587000.0;2584269.0;6906.0;-191.0;1292039.0;-1292230.0;1292230.0;2587.0;-144.0;6906000.0;6898903.0;3449379.5;3449523.5;-3449523.5
3550.0;819.0;6691.0;-406.0;206.5;-612.5;612.5;3550000.0;3547269.0;6691.0;-406.0;1773431.5;-1773837.5;1773837.5;3550.0;819.0;6691000.0;6683903.0;3342361.0;3341542.0;-3341542.0
5376.0;2645.0;6467.0;-630.0;1007.5;-1637.5;1637.5;5376000.0;5373269.0;6467.0;-630.0;2686319.5;-2686949.5;2686949.5;5376.0;2645.0;6467000.0;6459903.0;3231274.0;3228629.0;-3228629.0
1690.0;-1041.0;7425.0;328.0;-356.5;684.5;-684.5;1690000.0;1687269.0;7425.0;328.0;843798.5;-843470.5;843470.5;1690.0;-1041.0;7425000.0;7417903.0;3708431.0;3709472.0;-3709472.0
3100.0;369.0;6776.0;-321.0;24.0;-345.0;345.0;3100000.0;3097269.0;6776.0;-321.0;1548474.0;-1548795.0;1548795.0;3100.0;369.0;6776000.0;6768903.0;3384636.0;3384267.0;-3384267.0
2618.0;-113.0;6896.0;-201.0;-157.0;-44.0;44.0;2618000.0;2615269.0;6896.0;-201.0;1307534.0;-1307735.0;1307735.0;2618.0;-113.0;6896000.0;6888903.0;3444395.0;3444508.0;-3444508.0
3450.0;719.0;6702.0;-395.0;162.0;-557.0;557.0;3450000.0;3447269.0;6702.0;-395.0;1723437.0;-1723832.0;1723832.0;3450.0;719.0;6702000.0;6694903.0;3347811.0;3347092.0;-3347092.0
2764.0;33.0;6851.0;-246.0;-106.5;-139.5;139.5;2764000.0;2761269.0;6851.0;-246.0;1380511.5;-1380757.5;1380757.5;2764.0;33.0;6851000.0;6843903.0;3421968.0;3421935.0;-3421935.0
1439.0;-1292.0;7757.0;660.0;-316.0;976.0;-976.0;1439000.0;1436269.0;7757.0;660.0;718464.5;-717804.5;717804.5;1439.0;-1292.0;7757000.0;7749903.0;3874305.5;3875597.5;-3875597.5
1461.0;-1270.0;7721.0;624.0;-323.0;947.0;-947.0;1461000.0;1458269.0;7721.0;624.0;729446.5;-728822.5;728822.5;1461.0;-1270.0;7721000.0;7713903.0;3856316.5;3857586.5;-3857586.5
1978.0;-753.0;7208.0;111.0;-321.0;432.0;-432.0;1978000.0;1975269.0;7208.0;111.0;987690.0;-987579.0;987579.0;1978.0;-753.0;7208000.0;7200903.0;3600075.0;3600828.0;-3600828.0
4113.0;1382.0;6616.0;-481.0;450.5;-931.5;931.5;4113000.0;4110269.0;6616.0;-481.0;2054894.0;-2055375.0;2055375.0;4113.0;1382.0;6616000.0;6608903.0;3305142.5;3303760.5;-3303760.5
3625.0;894.0;6674.0;-423.0;235.5;-658.5;658.5;3625000.0;3622269.0;6674.0;-423.0;1810923.0;-1811346.0;1811346.0;3625.0;894.0;6674000.0;6666903.0;3333898.5;3333004.5;-3333004.5
4008.0;1277.0;6626.0;-471.0;403.0;-874.0;874.0;4008000.0;4005269.0;6626.0;-471.0;2002399.0;-2002870.0;2002870.0;4008.0;1277.0;6626000.0;6618903.0;3310090.0;3308813.0;-3308813.0
4883.0;2152.0;6517.0;-580.0;786.0;-1366.0;1366.0;4883000.0;4880269.0;6517.0;-580.0;2439844.5;-2440424.5;2440424.5;4883.0;2152.0;6517000.0;6509903.0;3256027.5;3253875.5;-3253875.5
2422.0;-309.0;6982.0;-115.0;-212.0;97.0;-97.0;2422000.0;2419269.0;6982.0;-115.0;1209577.0;-1209692.0;1209692.0;2422.0;-309.0;6982000.0;6974903.0;3487297.0;3487606.0;-3487606.0
5252.0;2521.0;6480.0;-617.0;952.0;-1569.0;1569.0;5252000.0;5249269.0;6480.0;-617.0;2624326.0;-2624943.0;2624943.0;5252.0;2521.0;6480000.0;6472903.0;3237712.0;3235191.0;-3235191.0
1988.0;-743.0;7200.0;103.0;-320.0;423.0;-423.0;1988000.0;1985269.0;7200.0;103.0;992686.0;-992583.0;992583.0;1988.0;-743.0;7200000.0;7192903.0;3596080.0;3596823.0;-3596823.0
5344.0;2613.0;6470.0;-627.0;993.0;-1620.0;1620.0;5344000.0;5341269.0;6470.0;-627.0;2670321.0;-2670948.0;2670948.0;5344.0;2613.0;6470000.0;6462903.0;3232758.0;3230145.0;-3230145.0
1397.0;-1334.0;7815.0;718.0;-308.0;1026.0;-1026.0;1397000.0;1394269.0;7815.0;718.0;697493.5;-696775.5;696775.5;1397.0;-1334.0;7815000.0;7807903.0;3903284.5;3904618.5;-3904618.5
1227.0;-1504.0;8191.0;1094.0;-205.0;1299.0;-1299.0;1227000.0;1224269.0;8191.0;1094.0;612681.5;-611587.5;611587.5;1227.0;-1504.0;8191000.0;8183903.0;4091199.5;4092703.5;-4092703.5
3317.0;586.0;6731.0;-366.0;110.0;-476.0;476.0;3317000.0;3314269.0;6731.0;-366.0;1656951.5;-1657317.5;1657317.5;3317.0;586.0;6731000.0;6723903.0;3362244.5;3361658.5;-3361658.5
4231.0;1500.0;6595.0;-502.0;499.0;-1001.0;1001.0;4231000.0;4228269.0;6595.0;-502.0;2113883.5;-2114385.5;2114385.5;4231.0;1500.0;6595000.0;6587903.0;3294701.5;3293201.5;-3293201.5
1873.0;-858.0;7270.0;173.0;-342.5;515.5;-515.5;1873000.0;1870269.0;7270.0;173.0;935221.0;-935048.0;935048.0;1873.0;-858.0;7270000.0;7262903.0;3631022.5;3631880.5;-3631880.5
1470.0;-1261.0;7688.0;591.0;-335.0;926.0;-926.0;1470000.0;1467269.0;7688.0;591.0;733930.0;-733339.0;733339.0;1470.0;-1261.0;7688000.0;7680903.0;3839821.0;3841082.0;-3841082.0
2079.0;-652.0;7155.0;58.0;-297.0;355.0;-355.0;2079000.0;2076269.0;7155.0;58.0;1038163.5;-1038105.5;1038105.5;2079.0;-652.0;7155000.0;7147903.0;3573625.5;3574277.5;-3574277.5
2160.0;-571.0;7095.0;-2.0;-286.5;284.5;-284.5;2160000.0;2157269.0;7095.0;-2.0;1078633.5;-1078635.5;1078635.5;2160.0;-571.0;7095000.0;7087903.0;3543666.0;3544237.0;-3544237.0
4279.0;1548.0;6588.0;-509.0;519.5;-1028.5;1028.5;4279000.0;4276269.0;6588.0;-509.0;2137880.0;-2138389.0;2138389.0;4279.0;1548.0;6588000.0;6580903.0;3291225.5;3289677.5;-3289677.5
1866.0;-865.0;7279.0;182.0;-341.5;523.5;-523.5;1866000.0;1863269.0;7279.0;182.0;931725.5;-931543.5;931543.5;1866.0;-865.0;7279000.0;7271903.0;3635519.0;3636384.0;-3636384.0
1239.0;-1492.0;8173.0;1076.0;-208.0;1284.0;-1284.0;1239000.0;1236269.0;8173.0;1076.0;618672.5;-617596.5;617596.5;1239.0;-1492.0;8173000.0;8165903.0;4082205.5;4083697.5;-4083697.5
2571.0;-160.0;6911.0;-186.0;-173.0;-13.0;13.0;2571000.0;2568269.0;6911.0;-186.0;1284041.5;-1284227.5;1284227.5;2571.0;-160.0;6911000.0;6903903.0;3451871.5;3452031.5;-3452031.5
1562.0;-1169.0;7569.0;472.0;-348.5;820.5;-820.5;1562000.0;1559269.0;7569.0;472.0;779870.5;-779398.5;779398.5;1562.0;-1169.0;7569000.0;7561903.0;3780367.0;3781536.0;-3781536.0
4334.0;1603.0;6580.0;-517.0;543.0;-1060.0;1060.0;4334000.0;4331269.0;6580.0;-517.0;2165376.0;-2165893.0;2165893.0;4334.0;1603.0;6580000.0;6572903.0;3287253.0;3285650.0;-3285650.0
1547.0;-1184.0;7595.0;498.0;-343.0;841.0;-841.0;1547000.0;1544269.0;7595.0;498.0;772383.5;-771885.5;771885.5;1547.0;-1184.0;7595000.0;7587903.0;3793359.5;3794543.5;-3794543.5
1238.0;-1493.0;8177.0;1080.0;-206.5;1286.5;-1286.5;1238000.0;1235269.0;8177.0;1080.0;618174.5;-617094.5;617094.5;1238.0;-1493.0;8177000.0;8169903.0;4084205.0;4085698.0;-4085698.0
4874.0;2143.0;6518.0;-579.0;782.0;-1361.0;1361.0;4874000.0;4871269.0;6518.0;-579.0;2435345.0;-2435924.0;2435924.0;4874.0;2143.0;6518000.0;6510903.0;3256523.0;3254380.0;-3254380.0
5008.0;2277.0;6500.0;-597.0;840.0;-1437.0;1437.0;5008000.0;5005269.0;6500.0;-597.0;2502336.0;-2502933.0;2502933.0;5008.0;2277.0;6500000.0;6492903.0;3247590.0;3245313.0;-3245313.0
1785.0;-946.0;7344.0;247.0;-349.5;596.5;-596.5;1785000.0;1782269.0;7344.0;247.0;891258.0;-891011.0;891011.0;1785.0;-946.0;7344000.0;7336903.0;3667978.5;3668924.5;-3668924.5
4315.0;1584.0;6581.0;-516.0;534.0;-1050.0;1050.0;4315000.0;4312269.0;6581.0;-516.0;2155876.5;-2156392.5;2156392.5;4315.0;1584.0;6581000.0;6573903.0;3287743.5;3286159.5;-3286159.5
4655.0;1924.0;6544.0;-553.0;685.5;-1238.5;1238.5;4655000.0;4652269.0;6544.0;-553.0;2325858.0;-2326411.0;2326411.0;4655.0;1924.0;6544000.0;6536903.0;3269413.5;3267489.5;-3267489.5
2381.0;-350.0;6999.0;-98.0;-224.0;126.0;-126.0;2381000.0;2378269.0;6999.0;-98.0;1189085.5;-1189183.5;1189183.5;2381.0;-350.0;6999000.0;6991903.0;3495776.5;3496126.5;-3496126.5
1370.0;-1361.0;7841.0;744.0;-308.5;1052.5;-1052.5;1370000.0;1367269.0;7841.0;744.0;684006.5;-683262.5;683262.5;1370.0;-1361.0;7841000.0;7833903.0;3916271.0;3917632.0;-3917632.0
2642.0;-89.0;6886.0;-211.0;-150.0;-61.0;61.0;2642000.0;2639269.0;6886.0;-211.0;1319529.0;-1319740.0;1319740.0;2642.0;-89.0;6886000.0;6878903.0;3439407.0;3439496.0;-3439496.0
1252.0;-1479.0;8132.0;1035.0;-222.0;1257.0;-1257.0;1252000.0;1249269.0;8132.0;1035.0;625152.0;-624117.0;624117.0;1252.0;-1479.0;8132000.0;8124903.0;4061712.0;4063191.0;-4063191.0
1684.0;-1047.0;7426.0;329.0;-359.0;688.0;-688.0;1684000.0;1681269.0;7426.0;329.0;840799.0;-840470.0;840470.0;1684.0;-1047.0;7426000.0;7418903.0;3708928.0;3709975.0;-3709975.0
1680.0;-1051.0;7429.0;332.0;-359.5;691.5;-691.5;1680000.0;1677269.0;7429.0;332.0;838800.5;-838468.5;838468.5;1680.0;-1051.0;7429000.0;7421903.0;3710426.0;3711477.0;-3711477.0
1446.0;-1285.0;7743.0;646.0;-319.5;965.5;-965.5;1446000.0;1443269.0;7743.0;646.0;721957.5;-721311.5;721311.5;1446.0;-1285.0;7743000.0;7735903.0;3867309.0;3868594.0;-3868594.0
1897.0;-834.0;7252.0;155.0;-339.5;494.5;-494.5;1897000.0;1894269.0;7252.0;155.0;947212.0;-947057.0;947057.0;1897.0;-834.0;7252000.0;7244903.0;3622034.5;3622868.5;-3622868.5
2436.0;-295.0;6978.0;-119.0;-207.0;88.0;-88.0;2436000.0;2433269.0;6978.0;-119.0;1216575.0;-1216694.0;1216694.0;2436.0;-295.0;6978000.0;6970903.0;3485304.0;3485599.0;-3485599.0
1558.0;-1173.0;7575.0;478.0;-347.5;825.5;-825.5;1558000.0;1555269.0;7575.0;478.0;777873.5;-777395.5;777395.5;1558.0;-1173.0;7575000.0;7567903.0;3783365.0;3784538.0;-3784538.0
2612.0;-119.0;6900.0;-197.0;-158.0;-39.0;39.0;2612000.0;2609269.0;6900.0;-197.0;1304536.0;-1304733.0;1304733.0;2612.0;-119.0;6900000.0;6892903.0;3446392.0;3446511.0;-3446511.0
1905.0;-826.0;7248.0;151.0;-337.5;488.5;-488.5;1905000.0;1902269.0;7248.0;151.0;951210.0;-951059.0;951059.0;1905.0;-826.0;7248000.0;7240903.0;3620038.5;3620864.5;-3620864.5
2473.0;-258.0;6957.0;-140.0;-199.0;59.0;-59.0;2473000.0;2470269.0;6957.0;-140.0;1235064.5;-1235204.5;1235204.5;2473.0;-258.0;6957000.0;6949903.0;3474822.5;3475080.5;-3475080.5
5681.0;2950.0;6456.0;-641.0;1154.5;-1795.5;1795.5;5681000.0;5678269.0;6456.0;-641.0;2838814.0;-2839455.0;2839455.0;5681.0;2950.0;6456000.0;6448903.0;3225926.5;3222976.5;-3222976.5
3241.0;510.0;6748.0;-349.0;80.5;-429.5;429.5;3241000.0;3238269.0;6748.0;-349.0;1618960.0;-1619309.0;1619309.0;3241.0;510.0;6748000.0;6740903.0;3370706.5;3370196.5;-3370196.5
1665.0;-1066.0;7447.0;350.0;-358.0;708.0;-708.0;1665000.0;1662269.0;7447.0;350.0;831309.5;-830959.5;830959.5;1665.0;-1066.0;7447000.0;7439903.0;3719418.5;3720484.5;-3720484.5
3822.0;1091.0;6650.0;-447.0;322.0;-769.0;769.0;3822000.0;3819269.0;6650.0;-447.0;1909411.0;-1909858.0;1909858.0;3822.0;1091.0;6650000.0;6642903.0;3321997.0;3320906.0;-3320906.0
3231.0;500.0;6749.0;-348.0;76.0;-424.0;424.0;3231000.0;3228269.0;6749.0;-348.0;1613960.5;-1614308.5;1614308.5;3231.0;500.0;6749000.0;6741903.0;3371201.5;3370701.5;-3370701.5
2885.0;154.0;6828.0;-269.0;-57.5;-211.5;211.5;2885000.0;2882269.0;6828.0;-269.0;1441000.0;-1441269.0;1441269.0;2885.0;154.0;6828000.0;6820903.0;3410528.5;3410374.5;-3410374.5
3655.0;924.0;6672.0;-425.0;249.5;-674.5;674.5;3655000.0;3652269.0;6672.0;-425.0;1825922.0;-1826347.0;1826347.0;3655.0;924.0;6672000.0;6664903.0;3332913.5;3331989.5;-3331989.5
3743.0;1012.0;6659.0;-438.0;287.0;-725.0;725.0;3743000.0;3740269.0;6659.0;-438.0;1869915.5;-1870353.5;1870353.5;3743.0;1012.0;6659000.0;6651903.0;3326457.5;3325445.5;-3325445.5
2213.0;-518.0;7071.0;-26.0;-272.0;246.0;-246.0;2213000.0;2210269.0;7071.0;-26.0;1105121.5;-1105147.5;1105147.5;2213.0;-518.0;7071000.0;7063903.0;3531692.5;3532210.5;-3532210.5
2652.0;-79.0;6880.0;-217.0;-148.0;-69.0;69.0;2652000.0;2649269.0;6880.0;-217.0;1324526.0;-1324743.0;1324743.0;2652.0;-79.0;6880000.0;6872903.0;3436412.0;3436491.0;-3436491.0
2446.0;-285.0;6974.0;-123.0;-204.0;81.0;-81.0;2446000.0;2443269.0;6974.0;-123.0;1221573.0;-1221696.0;1221696.0;2446.0;-285.0;6974000.0;6966903.0;3483309.0;3483594.0;-3483594.0
2567.0;-164.0;6913.0;-184.0;-174.0;-10.0;10.0;2567000.0;2564269.0;6913.0;-184.0;1282042.5;-1282226.5;1282226.5;2567.0;-164.0;6913000.0;6905903.0;3452869.5;3453033.5;-3453033.5
5436.0;2705.0;6463.0;-634.0;1035.5;-1669.5;1669.5;5436000.0;5433269.0;6463.0;-634.0;2716317.5;-2716951.5;2716951.5;5436.0;2705.0;6463000.0;6455903.0;3229304.0;3226599.0;-3226599.0
2463.0;-268.0;6966.0;-131.0;-199.5;68.5;-68.5;2463000.0;2460269.0;6966.0;-131.0;1230069.0;-1230200.0;1230200.0;2463.0;-268.0;6966000.0;6958903.0;3479317.5;3479585.5;-3479585.5
1890.0;-841.0;7261.0;164.0;-338.5;502.5;-502.5;1890000.0;1887269.0;7261.0;164.0;943716.5;-943552.5;943552.5;1890.0;-841.0;7261000.0;7253903.0;3626531.0;3627372.0;-3627372.0
2583.0;-148.0;6909.0;-188.0;-168.0;-20.0;20.0;2583000.0;2580269.0;6909.0;-188.0;1290040.5;-1290228.5;1290228.5;2583.0;-148.0;6909000.0;6901903.0;3450877.5;3451025.5;-3451025.5
4078.0;1347.0;6623.0;-474.0;436.5;-910.5;910.5;4078000.0;4075269.0;6623.0;-474.0;2037397.5;-2037871.5;2037871.5;4078.0;1347.0;6623000.0;6615903.0;3308625.0;3307278.0;-3307278.0
4537.0;1806.0;6551.0;-546.0;630.0;-1176.0;1176.0;4537000.0;4534269.0;6551.0;-546.0;2266861.5;-2267407.5;2267407.5;4537.0;1806.0;6551000.0;6543903.0;3272854.5;3271048.5;-3271048.5
2384.0;-347.0;6997.0;-100.0;-223.5;123.5;-123.5;2384000.0;2381269.0;6997.0;-100.0;1190584.5;-1190684.5;1190684.5;2384.0;-347.0;6997000.0;6989903.0;3494778.0;3495125.0;-3495125.0
1286.0;-1445.0;8042.0;945.0;-250.0;1195.0;-1195.0;1286000.0;1283269.0;8042.0;945.0;642107.0;-641162.0;641162.0;1286.0;-1445.0;8042000.0;8034903.0;4016729.0;4018174.0;-4018174.0
1529.0;-1202.0;7620.0;523.0;-339.5;862.5;-862.5;1529000.0;1526269.0;7620.0;523.0;763396.0;-762873.0;762873.0;1529.0;-1202.0;7620000.0;7612903.0;3805850.5;3807052.5;-3807052.5
1267.0;-1464.0;8068.0;971.0;-246.5;1217.5;-1217.5;1267000.0;1264269.0;8068.0;971.0;632620.0;-631649.0;631649.0;1267.0;-1464.0;8068000.0;8060903.0;4029719.5;4031183.5;-4031183.5
1752.0;-979.0;7370.0;273.0;-353.0;626.0;-626.0;1752000.0;1749269.0;7370.0;273.0;874771.0;-874498.0;874498.0;1752.0;-979.0;7370000.0;7362903.0;3680962.0;3681941.0;-3681941.0
4822.0;2091.0;6524.0;-573.0;759.0;-1332.0;1332.0;4822000.0;4819269.0;6524.0;-573.0;2409348.0;-2409921.0;2409921.0;4822.0;2091.0;6524000.0;6516903.0;3259497.0;3257406.0;-3257406.0
2497.0;-234.0;6947.0;-150.0;-192.0;42.0;-42.0;2497000.0;2494269.0;6947.0;-150.0;1247059.5;-1247209.5;1247209.5;2497.0;-234.0;6947000.0;6939903.0;3469834.5;3470068.5;-3470068.5
1524.0;-1207.0;7629.0;532.0;-337.5;869.5;-869.5;1524000.0;1521269.0;7629.0;532.0;760900.5;-760368.5;760368.5;1524.0;-1207.0;7629000.0;7621903.0;3810348.0;3811555.0;-3811555.0
4061.0;1330.0;6624.0;-473.0;428.5;-901.5;901.5;4061000.0;4058269.0;6624.0;-473.0;2028898.0;-2029371.0;2029371.0;4061.0;1330.0;6624000.0;6616903.0;3309116.5;3307786.5;-3307786.5
1354.0;-1377.0;7861.0;764.0;-306.5;1070.5;-1070.5;1354000.0;1351269.0;7861.0;764.0;676016.5;-675252.5;675252.5;1354.0;-1377.0;7861000.0;7853903.0;3926263.0;3927640.0;-3927640.0
5326.0;2595.0;6472.0;-625.0;985.0;-1610.0;1610.0;5326000.0;5323269.0;6472.0;-625.0;2661322.0;-2661947.0;2661947.0;5326.0;2595.0;6472000.0;6464903.0;3233749.0;3231154.0;-3231154.0
3911.0;1180.0;6639.0;-458.0;361.0;-819.0;819.0;3911000.0;3908269.0;6639.0;-458.0;1953905.5;-1954363.5;1954363.5;3911.0;1180.0;6639000.0;6631903.0;3316541.5;3315361.5;-3315361.5
1909.0;-822.0;7244.0;147.0;-337.5;484.5;-484.5;1909000.0;1906269.0;7244.0;147.0;953208.0;-953061.0;953061.0;1909.0;-822.0;7244000.0;7236903.0;3618040.5;3618862.5;-3618862.5
2396.0;-335.0;6992.0;-105.0;-220.0;115.0;-115.0;2396000.0;2393269.0;6992.0;-105.0;1196582.0;-1196687.0;1196687.0;2396.0;-335.0;6992000.0;6984903.0;3492284.0;3492619.0;-3492619.0
3384.0;653.0;6712.0;-385.0;134.0;-519.0;519.0;3384000.0;3381269.0;6712.0;-385.0;1690442.0;-1690827.0;1690827.0;3384.0;653.0;6712000.0;6704903.0;3352778.0;3352125.0;-3352125.0
1724.0;-1007.0;7388.0;291.0;-358.0;649.0;-649.0;1724000.0;1721269.0;7388.0;291.0;860780.0;-860489.0;860489.0;1724.0;-1007.0;7388000.0;7380903.0;3689948.0;3690955.0;-3690955.0
1464.0;-1267.0;7720.0;623.0;-322.0;945.0;-945.0;1464000.0;1461269.0;7720.0;623.0;730946.0;-730323.0;730323.0;1464.0;-1267.0;7720000.0;7712903.0;3855818.0;3857085.0;-3857085.0
4185.0;1454.0;6604.0;-493.0;480.5;-973.5;973.5;4185000.0;4182269.0;6604.0;-493.0;2090888.0;-2091381.0;2091381.0;4185.0;1454.0;6604000.0;6596903.0;3299178.5;3297724.5;-3297724.5
1205.0;-1526.0;8327.0;1230.0;-148.0;1378.0;-1378.0;1205000.0;1202269.0;8327.0;1230.0;601749.5;-600519.5;600519.5;1205.0;-1526.0;8327000.0;8319903.0;4159188.5;4160714.5;-4160714.5
1607.0;-1124.0;7516.0;419.0;-352.5;771.5;-771.5;1607000.0;1604269.0;7516.0;419.0;802344.0;-801925.0;801925.0;1607.0;-1124.0;7516000.0;7508903.0;3753889.5;3755013.5;-3755013.5
3045.0;314.0;6793.0;-304.0;5.0;-309.0;309.0;3045000.0;3042269.0;6793.0;-304.0;1520982.5;-1521286.5;1521286.5;3045.0;314.0;6793000.0;6785903.0;3393108.5;3392794.5;-3392794.5
2034.0;-697.0;7170.0;73.0;-312.0;385.0;-385.0;2034000.0;2031269.0;7170.0;73.0;1015671.0;-1015598.0;1015598.0;2034.0;-697.0;7170000.0;7162903.0;3581103.0;3581800.0;-3581800.0
2187.0;-544.0;7073.0;-24.0;-284.0;260.0;-260.0;2187000.0;2184269.0;7073.0;-24.0;1092122.5;-1092146.5;1092146.5;2187.0;-544.0;7073000.0;7065903.0;3532679.5;3533223.5;-3533223.5
1729.0;-1002.0;7378.0;281.0;-360.5;641.5;-641.5;1729000.0;1726269.0;7378.0;281.0;863275.0;-862994.0;862994.0;1729.0;-1002.0;7378000.0;7370903.0;3684950.5;3685952.5;-3685952.5
1666.0;-1065.0;7445.0;348.0;-358.5;706.5;-706.5;1666000.0;1663269.0;7445.0;348.0;831808.5;-831460.5;831460.5;1666.0;-1065.0;7445000.0;7437903.0;3718419.0;3719484.0;-3719484.0
1432.0;-1299.0;7770.0;673.0;-313.0;986.0;-986.0;1432000.0;1429269.0;7770.0;673.0;714971.0;-714298.0;714298.0;1432.0;-1299.0;7770000.0;7762903.0;3880802.0;3882101.0;-3882101.0
1805.0;-926.0;7327.0;230.0;-348.0;578.0;-578.0;1805000.0;1802269.0;7327.0;230.0;901249.5;-901019.5;901019.5;1805.0;-926.0;7327000.0;7319903.0;3659488.5;3660414.5;-3660414.5
3378.0;647.0;6716.0;-381.0;133.0;-514.0;514.0;3378000.0;3375269.0;6716.0;-381.0;1687444.0;-1687825.0;1687825.0;3378.0;647.0;6716000.0;6708903.0;3354775.0;3354128.0;-3354128.0
2298.0;-433.0;7025.0;-72.0;-252.5;180.5;-180.5;2298000.0;2295269.0;7025.0;-72.0;1147598.5;-1147670.5;1147670.5;2298.0;-433.0;7025000.0;7017903.0;3508735.0;3509168.0;-3509168.0
1539.0;-1192.0;7613.0;516.0;-338.0;854.0;-854.0;1539000.0;1536269.0;7613.0;516.0;768392.5;-767876.5;767876.5;1539.0;-1192.0;7613000.0;7605903.0;3802355.5;3803547.5;-3803547.5
1881.0;-850.0;7266.0;169.0;-340.5;509.5;-509.5;1881000.0;1878269.0;7266.0;169.0;939219.0;-939050.0;939050.0;1881.0;-850.0;7266000.0;7258903.0;3629026.5;3629876.5;-3629876.5
1217.0;-1514.0;8207.0;1110.0;-202.0;1312.0;-1312.0;1217000.0;1214269.0;8207.0;1110.0;607689.5;-606579.5;606579.5;1217.0;-1514.0;8207000.0;8199903.0;4099194.5;4100708.5;-4100708.5
2007.0;-724.0;7189.0;92.0;-316.0;408.0;-408.0;2007000.0;2004269.0;7189.0;92.0;1002180.5;-1002088.5;1002088.5;2007.0;-724.0;7189000.0;7181903.0;3590589.5;3591313.5;-3591313.5
5242.0;2511.0;6481.0;-616.0;947.5;-1563.5;1563.5;5242000.0;5239269.0;6481.0;-616.0;2619326.5;-2619942.5;2619942.5;5242.0;2511.0;6481000.0;6473903.0;3238207.0;3235696.0;-3235696.0
1662.0;-1069.0;7448.0;351.0;-359.0;710.0;-710.0;1662000.0;1659269.0;7448.0;351.0;829810.0;-829459.0;829459.0;1662.0;-1069.0;7448000.0;7440903.0;3719917.0;3720986.0;-3720986.0
3011.0;280.0;6802.0;-295.0;-7.5;-287.5;287.5;3011000.0;3008269.0;6802.0;-295.0;1503987.0;-1504282.0;1504282.0;3011.0;280.0;6802000.0;6794903.0;3397591.5;3397311.5;-3397311.5
2559.0;-172.0;6918.0;-179.0;-175.5;-3.5;3.5;2559000.0;2556269.0;6918.0;-179.0;1278045.0;-1278224.0;1278224.0;2559.0;-172.0;6918000.0;6910903.0;3455365.5;3455537.5;-3455537.5
1595.0;-1136.0;7536.0;439.0;-348.5;787.5;-787.5;1595000.0;1592269.0;7536.0;439.0;796354.0;-795915.0;795915.0;1595.0;-1136.0;7536000.0;7528903.0;3763883.5;3765019.5;-3765019.5
2821.0;90.0;6837.0;-260.0;-85.0;-175.0;175.0;2821000.0;2818269.0;6837.0;-260.0;1409004.5;-1409264.5;1409264.5;2821.0;90.0;6837000.0;6829903.0;3414996.5;3414906.5;-3414906.5
4427.0;1696.0;6566.0;-531.0;582.5;-1113.5;1113.5;4427000.0;4424269.0;6566.0;-531.0;2211869.0;-2212400.0;2212400.0;4427.0;1696.0;6566000.0;6558903.0;3280299.5;3278603.5;-3278603.5
4579.0;1848.0;6548.0;-549.0;649.5;-1198.5;1198.5;4579000.0;4576269.0;6548.0;-549.0;2287860.0;-2288409.0;2288409.0;4579.0;1848.0;6548000.0;6540903.0;3271375.5;3269527.5;-3269527.5
1221.0;-1510.0;8201.0;1104.0;-203.0;1307.0;-1307.0;1221000.0;1218269.0;8201.0;1104.0;609686.5;-608582.5;608582.5;1221.0;-1510.0;8201000.0;8193903.0;4096196.5;4097706.5;-4097706.5
4694.0;1963.0;6536.0;-561.0;701.0;-1262.0;1262.0;4694000.0;4691269.0;6536.0;-561.0;2345354.0;-2345915.0;2345915.0;4694.0;1963.0;6536000.0;6528903.0;3265433.0;3263470.0;-3263470.0
1696.0;-1035.0;7417.0;320.0;-357.5;677.5;-677.5;1696000.0;1693269.0;7417.0;320.0;846794.5;-846474.5;846474.5;1696.0;-1035.0;7417000.0;7409903.0;3704434.0;3705469.0;-3705469.0
1644.0;-1087.0;7466.0;369.0;-359.0;728.0;-728.0;1644000.0;1641269.0;7466.0;369.0;820819.0;-820450.0;820450.0;1644.0;-1087.0;7466000.0;7458903.0;3728908.0;3729995.0;-3729995.0
